"","label","time","subgroup"
"1","leaf_0","157.391186993286","3"
"2","leaf_1","147.296489167947","4"
"3","leaf_2","140.02905635407","2"
"4","leaf_3","139.991912074405","2"
"5","leaf_4","136.024415514961","4"
"6","leaf_5","134.761689965303","2"
"7","leaf_6","134.351060978808","2"
"8","leaf_7","133.8437739112","2"
"9","leaf_8","133.544515395754","2"
"10","leaf_9","132.081890713364","4"
"11","leaf_10","131.178171422063","4"
"12","leaf_11","129.894682406804","3"
"13","leaf_12","129.268004526193","2"
"14","leaf_13","126.579533496627","4"
"15","leaf_14","126.513663621402","2"
"16","leaf_15","126.105764726408","0"
"17","leaf_16","125.760661752989","4"
"18","leaf_17","125.685387027492","2"
"19","leaf_18","125.398272304738","4"
"20","leaf_19","124.826590643924","2"
"21","leaf_20","124.757225215406","2"
"22","leaf_21","123.777679403442","3"
"23","leaf_22","123.709346076731","3"
"24","leaf_23","123.691326180461","3"
"25","leaf_24","123.680130504715","2"
"26","leaf_25","123.029767570739","1"
"27","leaf_26","122.9725199709","2"
"28","leaf_27","122.897344117701","2"
"29","leaf_28","121.587226836827","3"
"30","leaf_29","121.491617638066","2"
"31","leaf_30","121.463238893783","2"
"32","leaf_31","120.985345463403","0"
"33","leaf_32","120.952760772036","3"
"34","leaf_33","120.163573458196","3"
"35","leaf_34","119.786675498174","3"
"36","leaf_35","119.503605331891","4"
"37","leaf_36","119.262040444155","4"
"38","leaf_37","119.208267525734","3"
"39","leaf_38","118.409815207857","3"
"40","leaf_39","118.347158589338","2"
"41","leaf_40","118.177229151843","2"
"42","leaf_41","118.023807681767","2"
"43","leaf_42","117.724640673061","4"
"44","leaf_43","117.658229021332","4"
"45","leaf_44","117.555450875081","3"
"46","leaf_45","117.418840157922","2"
"47","leaf_46","117.27876314492","4"
"48","leaf_47","117.233459269368","1"
"49","leaf_48","117.221415609262","2"
"50","leaf_49","117.029889197093","3"
"51","leaf_50","116.70327948153","2"
"52","leaf_51","116.095920670788","2"
"53","leaf_52","116.080358518173","2"
"54","leaf_53","115.923698818667","2"
"55","leaf_54","115.882351398632","1"
"56","leaf_55","115.869753893195","2"
"57","leaf_56","115.350847772085","3"
"58","leaf_57","115.342549387482","2"
"59","leaf_58","115.314936227586","2"
"60","leaf_59","115.175001631111","3"
"61","leaf_60","114.968436141899","3"
"62","leaf_61","114.925293208714","3"
"63","leaf_62","114.680070314079","3"
"64","leaf_63","114.236532932463","3"
"65","leaf_64","114.135390818586","4"
"66","leaf_65","114.110714734664","3"
"67","leaf_66","114.086174112557","1"
"68","leaf_67","113.756764281849","2"
"69","leaf_68","113.740319610053","1"
"70","leaf_69","113.65172255542","1"
"71","leaf_70","113.384824891331","4"
"72","leaf_71","113.315540815219","2"
"73","leaf_72","113.286825062337","2"
"74","leaf_73","113.013486520132","4"
"75","leaf_74","112.998602867854","3"
"76","leaf_75","112.906115512537","3"
"77","leaf_76","112.728320610724","4"
"78","leaf_77","112.727829791333","2"
"79","leaf_78","112.658512840647","2"
"80","leaf_79","112.653345766324","1"
"81","leaf_80","112.517968329514","2"
"82","leaf_81","112.307403951187","4"
"83","leaf_82","112.117205511055","1"
"84","leaf_83","112.094071614525","4"
"85","leaf_84","111.904364977002","3"
"86","leaf_85","111.874964165975","4"
"87","leaf_86","111.786365943115","3"
"88","leaf_87","111.750397914154","0"
"89","leaf_88","111.567908350383","0"
"90","leaf_89","111.515313846346","4"
"91","leaf_90","111.449336188418","3"
"92","leaf_91","111.396913583974","2"
"93","leaf_92","111.329487561805","2"
"94","leaf_93","111.202000404508","0"
"95","leaf_94","111.194705613683","2"
"96","leaf_95","110.961312445603","4"
"97","leaf_96","110.669818819454","1"
"98","leaf_97","110.632241172053","2"
"99","leaf_98","110.506148735792","1"
"100","leaf_99","110.447444597966","3"
"101","leaf_100","110.426726461334","3"
"102","leaf_101","110.38993653982","2"
"103","leaf_102","110.322764690349","4"
"104","leaf_103","110.240431907903","2"
"105","leaf_104","109.194594095176","2"
"106","leaf_105","109.087544284756","4"
"107","leaf_106","108.980809077144","2"
"108","leaf_107","108.975524740292","3"
"109","leaf_108","108.929792074583","2"
"110","leaf_109","108.828601476436","2"
"111","leaf_110","108.828541151283","3"
"112","leaf_111","108.693604641723","2"
"113","leaf_112","108.680916536033","4"
"114","leaf_113","108.451196631376","3"
"115","leaf_114","108.449544883503","2"
"116","leaf_115","108.364649074175","2"
"117","leaf_116","108.229152628293","2"
"118","leaf_117","108.184013179424","3"
"119","leaf_118","108.076738326445","4"
"120","leaf_119","108.023423365902","3"
"121","leaf_120","108.012142975907","2"
"122","leaf_121","108.005495088329","2"
"123","leaf_122","107.993318525205","2"
"124","leaf_123","107.912318031964","4"
"125","leaf_124","107.783636976504","2"
"126","leaf_125","107.647402233814","3"
"127","leaf_126","107.547676516501","2"
"128","leaf_127","107.532174736621","3"
"129","leaf_128","107.381603982007","2"
"130","leaf_129","107.366552745261","2"
"131","leaf_130","107.346444341275","4"
"132","leaf_131","107.27086023516","4"
"133","leaf_132","107.134108096916","2"
"134","leaf_133","107.012999083863","3"
"135","leaf_134","107.00129294615","2"
"136","leaf_135","106.91491748129","3"
"137","leaf_136","106.909372655862","2"
"138","leaf_137","106.859647383167","4"
"139","leaf_138","106.829005601633","4"
"140","leaf_139","106.78745229009","1"
"141","leaf_140","106.716590360594","4"
"142","leaf_141","106.51095155092","2"
"143","leaf_142","106.490052056757","2"
"144","leaf_143","106.453357954906","4"
"145","leaf_144","106.400771839211","4"
"146","leaf_145","106.272750317534","2"
"147","leaf_146","106.26101824576","3"
"148","leaf_147","106.257826511864","2"
"149","leaf_148","106.229779979691","3"
"150","leaf_149","106.210523311506","2"
"151","leaf_150","106.195160399697","2"
"152","leaf_151","106.08715647739","2"
"153","leaf_152","106.011361387946","2"
"154","leaf_153","106.007325634608","2"
"155","leaf_154","106.004283538558","2"
"156","leaf_155","105.920252642271","1"
"157","leaf_156","105.904405592009","2"
"158","leaf_157","105.884071174002","2"
"159","leaf_158","105.883339741867","2"
"160","leaf_159","105.834934862642","2"
"161","leaf_160","105.773180008023","2"
"162","leaf_161","105.669558003139","3"
"163","leaf_162","105.615166447706","3"
"164","leaf_163","105.517131754702","1"
"165","leaf_164","105.479171608758","2"
"166","leaf_165","105.217816465012","2"
"167","leaf_166","105.183178653482","2"
"168","leaf_167","105.118972333541","2"
"169","leaf_168","105.091517324155","4"
"170","leaf_169","105.048137746712","2"
"171","leaf_170","104.922035208309","2"
"172","leaf_171","104.861019129316","2"
"173","leaf_172","104.839337156151","4"
"174","leaf_173","104.741780545814","3"
"175","leaf_174","104.583807434471","4"
"176","leaf_175","104.474624245009","2"
"177","leaf_176","104.317694950181","4"
"178","leaf_177","104.266485118365","1"
"179","leaf_178","104.247044176857","3"
"180","leaf_179","104.193856040054","2"
"181","leaf_180","104.073431498738","1"
"182","leaf_181","104.031268795784","1"
"183","leaf_182","104.026824618945","2"
"184","leaf_183","103.996862635492","2"
"185","leaf_184","103.940866477899","4"
"186","leaf_185","103.876379729933","2"
"187","leaf_186","103.863099330917","2"
"188","leaf_187","103.829683275378","2"
"189","leaf_188","103.794798737818","2"
"190","leaf_189","103.772596662822","1"
"191","leaf_190","103.751057327841","1"
"192","leaf_191","103.736504293744","0"
"193","leaf_192","103.726968926428","2"
"194","leaf_193","103.717504827298","2"
"195","leaf_194","103.678143114879","4"
"196","leaf_195","103.642544450093","4"
"197","leaf_196","103.574075564063","2"
"198","leaf_197","103.558968886602","2"
"199","leaf_198","103.324665558782","2"
"200","leaf_199","103.271615402678","3"
"201","leaf_200","103.24815975001","4"
"202","leaf_201","103.243110200495","2"
"203","leaf_202","103.235404158107","2"
"204","leaf_203","103.20655169297","0"
"205","leaf_204","103.197319672316","3"
"206","leaf_205","103.129019803816","3"
"207","leaf_206","103.056614194665","2"
"208","leaf_207","102.953928628376","2"
"209","leaf_208","102.939002043528","2"
"210","leaf_209","102.887931806241","2"
"211","leaf_210","102.805327165178","2"
"212","leaf_211","102.79649088828","1"
"213","leaf_212","102.768079011433","4"
"214","leaf_213","102.756387437745","0"
"215","leaf_214","102.754108034202","2"
"216","leaf_215","102.753520544974","2"
"217","leaf_216","102.69567511837","2"
"218","leaf_217","102.657393722632","3"
"219","leaf_218","102.63154890951","4"
"220","leaf_219","102.522418317122","1"
"221","leaf_220","102.446913060107","4"
"222","leaf_221","102.297078050576","2"
"223","leaf_222","102.288060100642","2"
"224","leaf_223","102.226110371296","3"
"225","leaf_224","102.149980035391","4"
"226","leaf_225","102.074311412818","2"
"227","leaf_226","102.022539384741","2"
"228","leaf_227","102.001597469781","2"
"229","leaf_228","101.97897154805","1"
"230","leaf_229","101.947825594706","0"
"231","leaf_230","101.940892775067","3"
"232","leaf_231","101.910921586203","4"
"233","leaf_232","101.847045955104","2"
"234","leaf_233","101.798901946172","3"
"235","leaf_234","101.757681486011","2"
"236","leaf_235","101.714056097793","4"
"237","leaf_236","101.711279087839","0"
"238","leaf_237","101.709706242574","2"
"239","leaf_238","101.488933446602","1"
"240","leaf_239","101.480770805843","4"
"241","leaf_240","101.450353352063","1"
"242","leaf_241","101.320578234759","1"
"243","leaf_242","101.298888783539","3"
"244","leaf_243","101.214460008185","2"
"245","leaf_244","101.110716203204","2"
"246","leaf_245","101.038101928282","4"
"247","leaf_246","101.026380185895","2"
"248","leaf_247","101.001295062698","3"
"249","leaf_248","100.97862765817","2"
"250","leaf_249","100.919820414311","3"
"251","leaf_250","100.915300315762","0"
"252","leaf_251","100.872164695037","2"
"253","leaf_252","100.869104708446","0"
"254","leaf_253","100.837989685961","2"
"255","leaf_254","100.802736624257","2"
"256","leaf_255","100.798720630066","3"
"257","leaf_256","100.79198120889","2"
"258","leaf_257","100.752467796811","2"
"259","leaf_258","100.700544112046","4"
"260","leaf_259","100.6660863781","3"
"261","leaf_260","100.652026572913","2"
"262","leaf_261","100.650322013855","4"
"263","leaf_262","100.635086719098","1"
"264","leaf_263","100.614810775014","4"
"265","leaf_264","100.587864813718","2"
"266","leaf_265","100.52638430915","3"
"267","leaf_266","100.448714872561","3"
"268","leaf_267","100.437808524007","2"
"269","leaf_268","100.32942332374","2"
"270","leaf_269","100.306691627428","3"
"271","leaf_270","100.277527186458","2"
"272","leaf_271","100.274138651558","0"
"273","leaf_272","100.151060471007","0"
"274","leaf_273","100.12740659085","4"
"275","leaf_274","100.107651828163","1"
"276","leaf_275","100.074513946473","0"
"277","leaf_276","100.025270667476","1"
"278","leaf_277","100.017543121543","2"
"279","leaf_278","99.9962743661904","2"
"280","leaf_279","99.9616405367763","3"
"281","leaf_280","99.8329838253139","2"
"282","leaf_281","99.814103283999","2"
"283","leaf_282","99.8006662133222","4"
"284","leaf_283","99.7930947512002","2"
"285","leaf_284","99.7746442577474","0"
"286","leaf_285","99.7695158544292","3"
"287","leaf_286","99.6886160951984","0"
"288","leaf_287","99.6701906728621","2"
"289","leaf_288","99.6174109020398","2"
"290","leaf_289","99.6021286023383","2"
"291","leaf_290","99.5746135185038","2"
"292","leaf_291","99.5716488780824","4"
"293","leaf_292","99.5600548166888","2"
"294","leaf_293","99.528686378374","3"
"295","leaf_294","99.5263567883165","2"
"296","leaf_295","99.4721823224668","0"
"297","leaf_296","99.419573415235","4"
"298","leaf_297","99.4058940208","3"
"299","leaf_298","99.3835697734209","4"
"300","leaf_299","99.3287598862538","2"
"301","leaf_300","99.3186937511226","2"
"302","leaf_301","99.2908539027312","1"
"303","leaf_302","99.2084105570605","3"
"304","leaf_303","99.132259223758","2"
"305","leaf_304","99.0727923085554","3"
"306","leaf_305","99.0716138903319","2"
"307","leaf_306","99.0534895268255","2"
"308","leaf_307","99.0133905662395","3"
"309","leaf_308","98.9918541559159","3"
"310","leaf_309","98.9532644855898","4"
"311","leaf_310","98.9384230550736","3"
"312","leaf_311","98.8873477545129","4"
"313","leaf_312","98.8721171777052","3"
"314","leaf_313","98.8562929331356","3"
"315","leaf_314","98.8339896864251","3"
"316","leaf_315","98.7769266816903","4"
"317","leaf_316","98.7229176585771","1"
"318","leaf_317","98.7166140335541","0"
"319","leaf_318","98.6891192091356","2"
"320","leaf_319","98.6807779548552","1"
"321","leaf_320","98.6231542592876","1"
"322","leaf_321","98.6125915100357","2"
"323","leaf_322","98.5624918702113","2"
"324","leaf_323","98.5548486486185","1"
"325","leaf_324","98.5527797003966","3"
"326","leaf_325","98.5509207107476","2"
"327","leaf_326","98.5120470760511","2"
"328","leaf_327","98.5022297665908","3"
"329","leaf_328","98.5006567161154","2"
"330","leaf_329","98.4672912573349","2"
"331","leaf_330","98.4275068962003","2"
"332","leaf_331","98.3882807899805","0"
"333","leaf_332","98.3857000196627","1"
"334","leaf_333","98.3808141256923","0"
"335","leaf_334","98.3795058244222","2"
"336","leaf_335","98.3550281250192","2"
"337","leaf_336","98.3536152943689","4"
"338","leaf_337","98.2606203489829","2"
"339","leaf_338","98.2330194488442","2"
"340","leaf_339","98.2162727811844","2"
"341","leaf_340","98.2069652939928","1"
"342","leaf_341","98.1755723891857","2"
"343","leaf_342","98.1340636227931","4"
"344","leaf_343","98.1208309160519","3"
"345","leaf_344","98.0789815772112","2"
"346","leaf_345","98.0484578645116","2"
"347","leaf_346","98.0454464876079","4"
"348","leaf_347","98.0093346643648","3"
"349","leaf_348","98.008078248458","2"
"350","leaf_349","98.0055800404799","4"
"351","leaf_350","97.996874337492","2"
"352","leaf_351","97.975160998695","1"
"353","leaf_352","97.9658992422162","2"
"354","leaf_353","97.95670667808","2"
"355","leaf_354","97.9492457059773","4"
"356","leaf_355","97.9052585937305","1"
"357","leaf_356","97.9001490934704","3"
"358","leaf_357","97.8894093567727","1"
"359","leaf_358","97.8556870562031","3"
"360","leaf_359","97.7985244631476","4"
"361","leaf_360","97.7945832172018","4"
"362","leaf_361","97.7152766552435","4"
"363","leaf_362","97.6614329739442","2"
"364","leaf_363","97.5487187629436","2"
"365","leaf_364","97.5456510072443","2"
"366","leaf_365","97.5228188066893","3"
"367","leaf_366","97.5138148872925","4"
"368","leaf_367","97.4750829763735","2"
"369","leaf_368","97.4013032809991","1"
"370","leaf_369","97.3795603806142","3"
"371","leaf_370","97.3786589152845","2"
"372","leaf_371","97.3684790420363","2"
"373","leaf_372","97.3528859750309","4"
"374","leaf_373","97.3185290489445","2"
"375","leaf_374","97.2301520504894","1"
"376","leaf_375","97.227843559817","2"
"377","leaf_376","97.2207988287015","1"
"378","leaf_377","97.2098197276393","3"
"379","leaf_378","97.1973898858057","2"
"380","leaf_379","97.1890580521357","0"
"381","leaf_380","97.1653867569478","2"
"382","leaf_381","97.1628460177597","4"
"383","leaf_382","97.1581683337953","2"
"384","leaf_383","97.1370079401391","3"
"385","leaf_384","97.1278236700062","2"
"386","leaf_385","97.1107721419114","2"
"387","leaf_386","97.0662319182367","2"
"388","leaf_387","97.0585135544281","3"
"389","leaf_388","97.050361419028","2"
"390","leaf_389","97.0296688342688","0"
"391","leaf_390","96.9767025842143","4"
"392","leaf_391","96.9672924584547","0"
"393","leaf_392","96.8895239326829","2"
"394","leaf_393","96.868397518337","2"
"395","leaf_394","96.8022834744526","4"
"396","leaf_395","96.7931746470118","2"
"397","leaf_396","96.778826233957","3"
"398","leaf_397","96.7722003652959","3"
"399","leaf_398","96.7500561438964","4"
"400","leaf_399","96.7487204522693","4"
"401","leaf_400","96.7378469690109","2"
"402","leaf_401","96.7353894886554","2"
"403","leaf_402","96.7334846289584","2"
"404","leaf_403","96.6545552095307","3"
"405","leaf_404","96.6449129351095","1"
"406","leaf_405","96.6397908107519","3"
"407","leaf_406","96.5842323270087","1"
"408","leaf_407","96.583110069101","0"
"409","leaf_408","96.5588101168767","2"
"410","leaf_409","96.5116980898275","1"
"411","leaf_410","96.4987078589416","4"
"412","leaf_411","96.4742901220854","2"
"413","leaf_412","96.4707793746387","3"
"414","leaf_413","96.4563756410536","2"
"415","leaf_414","96.4561619728939","2"
"416","leaf_415","96.4479759976714","2"
"417","leaf_416","96.3392240653115","4"
"418","leaf_417","96.2957278048624","2"
"419","leaf_418","96.2726187246133","2"
"420","leaf_419","96.2424313850486","0"
"421","leaf_420","96.2254382934563","2"
"422","leaf_421","96.2037047259315","4"
"423","leaf_422","96.156777998686","3"
"424","leaf_423","96.1311049749196","2"
"425","leaf_424","96.1236932791446","2"
"426","leaf_425","96.111153449711","4"
"427","leaf_426","96.0770611011634","1"
"428","leaf_427","96.0722095409051","2"
"429","leaf_428","96.0575165963425","0"
"430","leaf_429","96.0373647767142","4"
"431","leaf_430","96.0254743961729","3"
"432","leaf_431","96.0186101919051","3"
"433","leaf_432","96.0064646493516","1"
"434","leaf_433","95.962010675015","2"
"435","leaf_434","95.9417202300293","2"
"436","leaf_435","95.9401548251031","4"
"437","leaf_436","95.8922117945393","0"
"438","leaf_437","95.8806019789829","4"
"439","leaf_438","95.8663202725086","3"
"440","leaf_439","95.8513959718669","2"
"441","leaf_440","95.8466679867348","2"
"442","leaf_441","95.828656555704","2"
"443","leaf_442","95.8213394091293","2"
"444","leaf_443","95.8133904029508","2"
"445","leaf_444","95.6696866338126","3"
"446","leaf_445","95.6325215515269","4"
"447","leaf_446","95.6162417160389","4"
"448","leaf_447","95.5855162300199","4"
"449","leaf_448","95.5696271249744","2"
"450","leaf_449","95.5613803666601","3"
"451","leaf_450","95.5527324146538","2"
"452","leaf_451","95.550034888543","2"
"453","leaf_452","95.5482266986662","4"
"454","leaf_453","95.5074674582172","3"
"455","leaf_454","95.4958974372929","4"
"456","leaf_455","95.4519554898441","1"
"457","leaf_456","95.4348174759063","3"
"458","leaf_457","95.4194483458984","2"
"459","leaf_458","95.3815300183153","3"
"460","leaf_459","95.3455930020961","1"
"461","leaf_460","95.3453745540661","4"
"462","leaf_461","95.3416242908809","0"
"463","leaf_462","95.2989312526191","0"
"464","leaf_463","95.2317789732658","4"
"465","leaf_464","95.218376625286","2"
"466","leaf_465","95.1275213349769","4"
"467","leaf_466","95.1185189173626","4"
"468","leaf_467","95.1080733966811","2"
"469","leaf_468","95.0988617743878","1"
"470","leaf_469","95.0949865359985","3"
"471","leaf_470","95.0831015843197","1"
"472","leaf_471","95.0667453134763","2"
"473","leaf_472","95.0520897291668","4"
"474","leaf_473","95.0449038289796","1"
"475","leaf_474","94.9958891450045","1"
"476","leaf_475","94.9880255072579","4"
"477","leaf_476","94.9677845319346","2"
"478","leaf_477","94.9314458732405","2"
"479","leaf_478","94.864152889536","2"
"480","leaf_479","94.8408823838885","3"
"481","leaf_480","94.8396082759185","4"
"482","leaf_481","94.8216395492764","2"
"483","leaf_482","94.7979558509075","4"
"484","leaf_483","94.7940780711213","2"
"485","leaf_484","94.7035598257889","2"
"486","leaf_485","94.6879703751497","4"
"487","leaf_486","94.6654680427016","0"
"488","leaf_487","94.5799931222082","1"
"489","leaf_488","94.577654120186","1"
"490","leaf_489","94.5489533045063","2"
"491","leaf_490","94.5105064431599","1"
"492","leaf_491","94.5099158668785","2"
"493","leaf_492","94.4930031465089","4"
"494","leaf_493","94.4760921076765","4"
"495","leaf_494","94.4518655489431","3"
"496","leaf_495","94.4400365820624","1"
"497","leaf_496","94.4359254474167","2"
"498","leaf_497","94.4236321768175","3"
"499","leaf_498","94.4188872614779","3"
"500","leaf_499","94.4185029528556","3"
"501","leaf_500","94.4122433757797","2"
"502","leaf_501","94.3936726022575","2"
"503","leaf_502","94.3606781897666","4"
"504","leaf_503","94.3582935514156","3"
"505","leaf_504","94.3563927578639","2"
"506","leaf_505","94.3204929561084","2"
"507","leaf_506","94.209746827438","3"
"508","leaf_507","94.200754511484","2"
"509","leaf_508","94.1984214265206","0"
"510","leaf_509","94.1895629054654","0"
"511","leaf_510","94.1878205463533","2"
"512","leaf_511","94.1563097099091","2"
"513","leaf_512","94.1204928890398","2"
"514","leaf_513","94.0428539891065","3"
"515","leaf_514","94.036128018261","2"
"516","leaf_515","94.0358110647455","3"
"517","leaf_516","93.9993972495955","4"
"518","leaf_517","93.9671772815559","3"
"519","leaf_518","93.9290531701972","2"
"520","leaf_519","93.9111803199719","2"
"521","leaf_520","93.8856088954827","2"
"522","leaf_521","93.8734093058316","2"
"523","leaf_522","93.8696879006413","2"
"524","leaf_523","93.8323840280658","4"
"525","leaf_524","93.8287475550485","2"
"526","leaf_525","93.8097671014279","2"
"527","leaf_526","93.7784258509462","1"
"528","leaf_527","93.7504716703465","2"
"529","leaf_528","93.7281910977661","4"
"530","leaf_529","93.7197053860423","4"
"531","leaf_530","93.6967257115533","3"
"532","leaf_531","93.6676862823996","2"
"533","leaf_532","93.6284742637035","1"
"534","leaf_533","93.6263073168049","4"
"535","leaf_534","93.6202909004754","0"
"536","leaf_535","93.6032365278304","2"
"537","leaf_536","93.6001084451899","3"
"538","leaf_537","93.5840936782161","1"
"539","leaf_538","93.5806451515885","1"
"540","leaf_539","93.5705585680857","2"
"541","leaf_540","93.5523416657409","0"
"542","leaf_541","93.5477633265214","3"
"543","leaf_542","93.5299843885957","2"
"544","leaf_543","93.5201483466663","2"
"545","leaf_544","93.4837218763091","2"
"546","leaf_545","93.480155435664","3"
"547","leaf_546","93.4411408403624","3"
"548","leaf_547","93.4283762622906","2"
"549","leaf_548","93.4022847624623","1"
"550","leaf_549","93.2914332187983","3"
"551","leaf_550","93.2841742976452","4"
"552","leaf_551","93.2790108279376","2"
"553","leaf_552","93.2785932800627","2"
"554","leaf_553","93.2784679079885","2"
"555","leaf_554","93.250390545222","2"
"556","leaf_555","93.2141020599789","2"
"557","leaf_556","93.1709817695237","4"
"558","leaf_557","93.1516553559258","3"
"559","leaf_558","93.1041668109838","4"
"560","leaf_559","93.1035962644335","2"
"561","leaf_560","93.0703630215108","3"
"562","leaf_561","93.0257861112216","2"
"563","leaf_562","93.024694502536","4"
"564","leaf_563","93.0158975574556","2"
"565","leaf_564","93.0110414517484","2"
"566","leaf_565","92.9072911505505","3"
"567","leaf_566","92.8835428478529","0"
"568","leaf_567","92.8680586959992","2"
"569","leaf_568","92.8607727976191","0"
"570","leaf_569","92.8462768118242","3"
"571","leaf_570","92.833699435931","2"
"572","leaf_571","92.821230063348","2"
"573","leaf_572","92.7783161437344","2"
"574","leaf_573","92.6866050410001","4"
"575","leaf_574","92.6681874305513","4"
"576","leaf_575","92.6077803615714","3"
"577","leaf_576","92.5849848593036","2"
"578","leaf_577","92.5717840312513","4"
"579","leaf_578","92.5422865664035","2"
"580","leaf_579","92.5379769520911","2"
"581","leaf_580","92.5234530936373","3"
"582","leaf_581","92.5056572393808","2"
"583","leaf_582","92.4989166361867","2"
"584","leaf_583","92.4678422610549","2"
"585","leaf_584","92.4246404593443","1"
"586","leaf_585","92.3751782646388","4"
"587","leaf_586","92.369894188213","3"
"588","leaf_587","92.352280009362","3"
"589","leaf_588","92.3355952898414","2"
"590","leaf_589","92.3173394569362","2"
"591","leaf_590","92.2896061658285","0"
"592","leaf_591","92.2683598928982","4"
"593","leaf_592","92.2433214729776","2"
"594","leaf_593","92.203087292271","0"
"595","leaf_594","92.1725012366719","4"
"596","leaf_595","92.1713611535269","2"
"597","leaf_596","92.0967646523752","1"
"598","leaf_597","92.0755030923139","0"
"599","leaf_598","92.0515779585203","3"
"600","leaf_599","92.0494859475599","4"
"601","leaf_600","92.0455163084789","2"
"602","leaf_601","92.0369145184844","2"
"603","leaf_602","92.0277208214674","2"
"604","leaf_603","92.0172496986936","2"
"605","leaf_604","92.0057250924519","4"
"606","leaf_605","91.9824999197509","2"
"607","leaf_606","91.9819039525218","4"
"608","leaf_607","91.9816681018483","3"
"609","leaf_608","91.9810449184321","2"
"610","leaf_609","91.9439708883081","3"
"611","leaf_610","91.8942399202649","1"
"612","leaf_611","91.8741659231538","2"
"613","leaf_612","91.8607323098992","2"
"614","leaf_613","91.8484505799648","2"
"615","leaf_614","91.8221141387863","4"
"616","leaf_615","91.7379323444663","2"
"617","leaf_616","91.7333543160149","4"
"618","leaf_617","91.7046098031062","2"
"619","leaf_618","91.6842834629388","3"
"620","leaf_619","91.6673803286776","3"
"621","leaf_620","91.6525046645638","4"
"622","leaf_621","91.6416811906345","4"
"623","leaf_622","91.6236297977051","2"
"624","leaf_623","91.619399514131","2"
"625","leaf_624","91.6158828699201","4"
"626","leaf_625","91.598474600668","2"
"627","leaf_626","91.585604463922","2"
"628","leaf_627","91.5847224634135","4"
"629","leaf_628","91.5844892840564","1"
"630","leaf_629","91.5456334541817","2"
"631","leaf_630","91.5420206335185","2"
"632","leaf_631","91.5360481429723","2"
"633","leaf_632","91.5344143703964","4"
"634","leaf_633","91.5017731046861","2"
"635","leaf_634","91.4692268097971","4"
"636","leaf_635","91.348468583646","2"
"637","leaf_636","91.334749232499","2"
"638","leaf_637","91.3340028400766","4"
"639","leaf_638","91.3183917830286","2"
"640","leaf_639","91.29823356633","3"
"641","leaf_640","91.2794970579143","3"
"642","leaf_641","91.2783581366377","2"
"643","leaf_642","91.2640168191266","2"
"644","leaf_643","91.2329738253231","2"
"645","leaf_644","91.1982178028389","4"
"646","leaf_645","91.192512956196","0"
"647","leaf_646","91.1805920450807","1"
"648","leaf_647","91.1789120333478","4"
"649","leaf_648","91.1259797925502","2"
"650","leaf_649","91.0931237429155","2"
"651","leaf_650","91.04705685079","4"
"652","leaf_651","91.0077079501974","2"
"653","leaf_652","90.9913335459338","2"
"654","leaf_653","90.9662467988114","4"
"655","leaf_654","90.8796445389077","4"
"656","leaf_655","90.8485009308129","1"
"657","leaf_656","90.8403860600319","4"
"658","leaf_657","90.824786393343","3"
"659","leaf_658","90.8181915318496","4"
"660","leaf_659","90.8136496044545","2"
"661","leaf_660","90.7690852993939","0"
"662","leaf_661","90.7681005519867","0"
"663","leaf_662","90.7571859314284","4"
"664","leaf_663","90.6762123014727","2"
"665","leaf_664","90.6356654501107","2"
"666","leaf_665","90.6347222539783","2"
"667","leaf_666","90.625856028625","3"
"668","leaf_667","90.6214191396829","1"
"669","leaf_668","90.5572163622861","3"
"670","leaf_669","90.5457347625902","3"
"671","leaf_670","90.4843601640814","3"
"672","leaf_671","90.4447946533256","2"
"673","leaf_672","90.4278191521017","3"
"674","leaf_673","90.4003130459561","4"
"675","leaf_674","90.3197713882875","2"
"676","leaf_675","90.3172914197688","2"
"677","leaf_676","90.3093628554045","3"
"678","leaf_677","90.291006640606","0"
"679","leaf_678","90.2245586921727","4"
"680","leaf_679","90.1923359307725","2"
"681","leaf_680","90.1892207058625","2"
"682","leaf_681","90.1802104189305","2"
"683","leaf_682","90.1779509780938","2"
"684","leaf_683","90.1678236972868","2"
"685","leaf_684","90.1619164791374","4"
"686","leaf_685","90.1482546224719","2"
"687","leaf_686","90.1101169709115","2"
"688","leaf_687","90.1057247488185","0"
"689","leaf_688","90.1051253547546","3"
"690","leaf_689","90.09258804047","2"
"691","leaf_690","90.0882723223372","4"
"692","leaf_691","90.0571271053274","2"
"693","leaf_692","90.0239719626364","3"
"694","leaf_693","89.9923349160619","1"
"695","leaf_694","89.9796081498114","2"
"696","leaf_695","89.970786742449","2"
"697","leaf_696","89.970186594567","3"
"698","leaf_697","89.9658770596416","2"
"699","leaf_698","89.9639776126509","2"
"700","leaf_699","89.9614636385911","2"
"701","leaf_700","89.9574760415964","2"
"702","leaf_701","89.9466014112735","3"
"703","leaf_702","89.8856253874757","2"
"704","leaf_703","89.8626535973869","2"
"705","leaf_704","89.8534856195036","4"
"706","leaf_705","89.7699737004107","2"
"707","leaf_706","89.7605839593082","2"
"708","leaf_707","89.7526801865172","2"
"709","leaf_708","89.7501571316654","2"
"710","leaf_709","89.7473278828811","4"
"711","leaf_710","89.7411138599488","2"
"712","leaf_711","89.7393743531016","4"
"713","leaf_712","89.7175216641492","3"
"714","leaf_713","89.7025458636092","2"
"715","leaf_714","89.6815226634294","2"
"716","leaf_715","89.671241698965","3"
"717","leaf_716","89.6650831926593","4"
"718","leaf_717","89.657943280275","2"
"719","leaf_718","89.6207158184683","4"
"720","leaf_719","89.6095163940592","2"
"721","leaf_720","89.6080123087876","3"
"722","leaf_721","89.5820256363982","2"
"723","leaf_722","89.546444806003","3"
"724","leaf_723","89.5193077119413","1"
"725","leaf_724","89.4251094072836","2"
"726","leaf_725","89.4191066376135","4"
"727","leaf_726","89.4065201602","2"
"728","leaf_727","89.3934543932834","3"
"729","leaf_728","89.3931466499705","2"
"730","leaf_729","89.3904675613046","2"
"731","leaf_730","89.3360573884277","1"
"732","leaf_731","89.3236991388836","4"
"733","leaf_732","89.3190661876952","4"
"734","leaf_733","89.3149381606187","2"
"735","leaf_734","89.2642755767641","2"
"736","leaf_735","89.2548068044282","4"
"737","leaf_736","89.2285065015495","2"
"738","leaf_737","89.2161854477339","2"
"739","leaf_738","89.2079820626502","1"
"740","leaf_739","89.2028275744997","3"
"741","leaf_740","89.1948276578047","2"
"742","leaf_741","89.1623184528366","3"
"743","leaf_742","89.1545553970901","2"
"744","leaf_743","89.1502958405747","2"
"745","leaf_744","89.1445519927139","2"
"746","leaf_745","89.1248376846015","2"
"747","leaf_746","89.1219879353822","2"
"748","leaf_747","89.1115005114445","3"
"749","leaf_748","89.103287928561","4"
"750","leaf_749","89.0923068738248","4"
"751","leaf_750","89.0798678614177","2"
"752","leaf_751","89.0038104986423","2"
"753","leaf_752","88.9929579605501","1"
"754","leaf_753","88.9856965683247","2"
"755","leaf_754","88.9331118221893","2"
"756","leaf_755","88.9173248398029","4"
"757","leaf_756","88.914389994047","2"
"758","leaf_757","88.9044346714312","4"
"759","leaf_758","88.8784941455562","2"
"760","leaf_759","88.8504079087897","2"
"761","leaf_760","88.8181275286811","3"
"762","leaf_761","88.8073069058483","2"
"763","leaf_762","88.7992897092744","4"
"764","leaf_763","88.7919176698988","1"
"765","leaf_764","88.7864085657087","3"
"766","leaf_765","88.7810432881329","4"
"767","leaf_766","88.7680479082389","2"
"768","leaf_767","88.7673271870448","1"
"769","leaf_768","88.7577653829398","3"
"770","leaf_769","88.7306045557707","3"
"771","leaf_770","88.691599906805","3"
"772","leaf_771","88.6631008138221","4"
"773","leaf_772","88.6014314214865","2"
"774","leaf_773","88.5946429469948","2"
"775","leaf_774","88.5473754814623","3"
"776","leaf_775","88.5455947455323","2"
"777","leaf_776","88.536073168048","2"
"778","leaf_777","88.5345936149133","4"
"779","leaf_778","88.4963742042916","1"
"780","leaf_779","88.488202853199","2"
"781","leaf_780","88.4856944348974","4"
"782","leaf_781","88.4736310042327","2"
"783","leaf_782","88.4457117511382","4"
"784","leaf_783","88.4325272501917","1"
"785","leaf_784","88.376153329154","2"
"786","leaf_785","88.3723528721198","2"
"787","leaf_786","88.3612189497715","2"
"788","leaf_787","88.3506510881299","2"
"789","leaf_788","88.3457947958056","1"
"790","leaf_789","88.3086846487611","2"
"791","leaf_790","88.2604904073089","4"
"792","leaf_791","88.2543615575105","2"
"793","leaf_792","88.2301951559243","2"
"794","leaf_793","88.2177594630661","1"
"795","leaf_794","88.1946899163082","3"
"796","leaf_795","88.1781405898306","2"
"797","leaf_796","88.1698201268362","2"
"798","leaf_797","88.1590635776501","2"
"799","leaf_798","88.1109850659699","4"
"800","leaf_799","88.0872993728779","2"
"801","leaf_800","88.083429010416","3"
"802","leaf_801","88.0563386522347","3"
"803","leaf_802","88.0331874308746","3"
"804","leaf_803","88.0149601661674","3"
"805","leaf_804","88.0011308368254","3"
"806","leaf_805","87.9999663781396","4"
"807","leaf_806","87.9980344617321","2"
"808","leaf_807","87.9628314974285","3"
"809","leaf_808","87.9376265439294","2"
"810","leaf_809","87.8592025740847","4"
"811","leaf_810","87.8418880542895","4"
"812","leaf_811","87.8165571891932","2"
"813","leaf_812","87.8062149570923","2"
"814","leaf_813","87.7919989527127","1"
"815","leaf_814","87.786274540675","2"
"816","leaf_815","87.7802506350888","2"
"817","leaf_816","87.7769874810931","3"
"818","leaf_817","87.7602462990788","2"
"819","leaf_818","87.7533773943496","0"
"820","leaf_819","87.7417282539661","4"
"821","leaf_820","87.701393915315","3"
"822","leaf_821","87.6916976643976","2"
"823","leaf_822","87.6876414079822","2"
"824","leaf_823","87.6671904832989","2"
"825","leaf_824","87.6579768088428","3"
"826","leaf_825","87.6490191047051","1"
"827","leaf_826","87.6472829030499","2"
"828","leaf_827","87.646465831082","3"
"829","leaf_828","87.6374380401865","3"
"830","leaf_829","87.6239605321278","2"
"831","leaf_830","87.5531577044939","0"
"832","leaf_831","87.5381243853507","2"
"833","leaf_832","87.5330014005392","3"
"834","leaf_833","87.5121143931789","2"
"835","leaf_834","87.4872097046757","3"
"836","leaf_835","87.4763869515771","2"
"837","leaf_836","87.4402050462134","2"
"838","leaf_837","87.4341588774806","2"
"839","leaf_838","87.4272075251616","3"
"840","leaf_839","87.4223457769316","2"
"841","leaf_840","87.4066139117216","1"
"842","leaf_841","87.4034473695628","2"
"843","leaf_842","87.3824614826466","3"
"844","leaf_843","87.3743011782203","2"
"845","leaf_844","87.3495247835459","2"
"846","leaf_845","87.3241668703354","4"
"847","leaf_846","87.319649242183","4"
"848","leaf_847","87.310531351097","3"
"849","leaf_848","87.3000117789779","2"
"850","leaf_849","87.2980580601444","2"
"851","leaf_850","87.2884009123889","4"
"852","leaf_851","87.2871722277275","0"
"853","leaf_852","87.282296076197","2"
"854","leaf_853","87.2393002231266","2"
"855","leaf_854","87.2359308890293","4"
"856","leaf_855","87.2355706308535","0"
"857","leaf_856","87.220690160222","2"
"858","leaf_857","87.2054046993679","0"
"859","leaf_858","87.1918559834451","2"
"860","leaf_859","87.1799579832907","2"
"861","leaf_860","87.1624404925268","2"
"862","leaf_861","87.1563822982707","4"
"863","leaf_862","87.1512767804504","2"
"864","leaf_863","87.1373048692674","1"
"865","leaf_864","87.1253384735893","2"
"866","leaf_865","87.1198793206949","2"
"867","leaf_866","87.099027489201","2"
"868","leaf_867","87.0832463635692","2"
"869","leaf_868","87.0723417273512","2"
"870","leaf_869","87.0623781194383","2"
"871","leaf_870","87.054067289182","4"
"872","leaf_871","87.0530457666957","4"
"873","leaf_872","87.0004072607942","2"
"874","leaf_873","86.9867439832387","2"
"875","leaf_874","86.9643446786558","1"
"876","leaf_875","86.958116021748","0"
"877","leaf_876","86.9044258350114","3"
"878","leaf_877","86.8923789103632","3"
"879","leaf_878","86.8817004668583","3"
"880","leaf_879","86.8746660378619","2"
"881","leaf_880","86.8734702420033","2"
"882","leaf_881","86.8611965830222","2"
"883","leaf_882","86.855188501266","0"
"884","leaf_883","86.7583252092489","2"
"885","leaf_884","86.7427952331544","2"
"886","leaf_885","86.7293374527248","1"
"887","leaf_886","86.6648440358177","4"
"888","leaf_887","86.6354389134307","3"
"889","leaf_888","86.6095539340049","2"
"890","leaf_889","86.5819336366935","4"
"891","leaf_890","86.5722049970733","1"
"892","leaf_891","86.5633273439188","2"
"893","leaf_892","86.5362526642727","4"
"894","leaf_893","86.5293204519035","2"
"895","leaf_894","86.5225801360421","2"
"896","leaf_895","86.4869304444513","2"
"897","leaf_896","86.463764411316","1"
"898","leaf_897","86.4570314893788","2"
"899","leaf_898","86.453335120141","4"
"900","leaf_899","86.4517381435456","2"
"901","leaf_900","86.4394979081764","2"
"902","leaf_901","86.3674627683132","0"
"903","leaf_902","86.364660485208","4"
"904","leaf_903","86.3279288445536","2"
"905","leaf_904","86.3233773189518","4"
"906","leaf_905","86.30920128305","2"
"907","leaf_906","86.2618719893006","4"
"908","leaf_907","86.2557536932316","0"
"909","leaf_908","86.2328776068802","2"
"910","leaf_909","86.2273398506804","2"
"911","leaf_910","86.2068439296099","1"
"912","leaf_911","86.1882738775395","1"
"913","leaf_912","86.1775237405486","2"
"914","leaf_913","86.1378224045781","3"
"915","leaf_914","86.1059932876359","3"
"916","leaf_915","86.0955316631405","2"
"917","leaf_916","86.0413698808951","4"
"918","leaf_917","86.0406745587941","0"
"919","leaf_918","86.036194473075","2"
"920","leaf_919","86.0317134340126","2"
"921","leaf_920","85.9654974569707","2"
"922","leaf_921","85.961161130637","2"
"923","leaf_922","85.9284760480549","2"
"924","leaf_923","85.8887452693642","2"
"925","leaf_924","85.8651495705753","2"
"926","leaf_925","85.8615988839347","3"
"927","leaf_926","85.8208129165593","3"
"928","leaf_927","85.783581234817","2"
"929","leaf_928","85.7620596198488","1"
"930","leaf_929","85.7166200559438","2"
"931","leaf_930","85.7106514543922","4"
"932","leaf_931","85.7103064701273","3"
"933","leaf_932","85.6897772995403","2"
"934","leaf_933","85.6863766863724","2"
"935","leaf_934","85.6761056768684","2"
"936","leaf_935","85.6645786727263","0"
"937","leaf_936","85.6621944642699","2"
"938","leaf_937","85.6366714308725","2"
"939","leaf_938","85.6214981150496","2"
"940","leaf_939","85.6027173533319","4"
"941","leaf_940","85.5428437091105","2"
"942","leaf_941","85.5380302955059","2"
"943","leaf_942","85.5029659235232","2"
"944","leaf_943","85.4994951310043","0"
"945","leaf_944","85.4887161749714","2"
"946","leaf_945","85.4529530055435","4"
"947","leaf_946","85.4491880775682","4"
"948","leaf_947","85.42389233686","3"
"949","leaf_948","85.3915924528377","3"
"950","leaf_949","85.3883751769823","4"
"951","leaf_950","85.3175117725192","3"
"952","leaf_951","85.3167008952914","2"
"953","leaf_952","85.3004004597056","2"
"954","leaf_953","85.2962113045154","2"
"955","leaf_954","85.2884140456752","2"
"956","leaf_955","85.2729991806501","3"
"957","leaf_956","85.2558381965276","3"
"958","leaf_957","85.2551961444546","2"
"959","leaf_958","85.2475230955478","2"
"960","leaf_959","85.2455477885255","0"
"961","leaf_960","85.2097812920055","2"
"962","leaf_961","85.1889818228263","3"
"963","leaf_962","85.1760085981931","2"
"964","leaf_963","85.129961494458","4"
"965","leaf_964","85.1223453717254","3"
"966","leaf_965","85.1006124467341","2"
"967","leaf_966","85.0953288818106","3"
"968","leaf_967","85.0950782133261","2"
"969","leaf_968","85.0949738201491","2"
"970","leaf_969","85.0707052354129","2"
"971","leaf_970","85.0649059547986","2"
"972","leaf_971","85.0574588248951","2"
"973","leaf_972","85.0523285325481","2"
"974","leaf_973","85.0025406554735","4"
"975","leaf_974","84.9981555781139","2"
"976","leaf_975","84.9832105893758","2"
"977","leaf_976","84.973670775116","4"
"978","leaf_977","84.9619073608769","3"
"979","leaf_978","84.9508438700169","2"
"980","leaf_979","84.9447141636637","2"
"981","leaf_980","84.9359859425437","3"
"982","leaf_981","84.9135126056131","4"
"983","leaf_982","84.8989420309615","2"
"984","leaf_983","84.8921207550486","3"
"985","leaf_984","84.8774250448505","2"
"986","leaf_985","84.8607844752908","2"
"987","leaf_986","84.8316090631586","4"
"988","leaf_987","84.8201674161243","2"
"989","leaf_988","84.813189344164","2"
"990","leaf_989","84.8110767655123","2"
"991","leaf_990","84.8082031843254","1"
"992","leaf_991","84.7883966528469","4"
"993","leaf_992","84.7790355444975","4"
"994","leaf_993","84.7629544534854","0"
"995","leaf_994","84.7072048461188","2"
"996","leaf_995","84.6965283092727","2"
"997","leaf_996","84.6915085456535","4"
"998","leaf_997","84.6877849536341","1"
"999","leaf_998","84.6639668988457","3"
"1000","leaf_999","84.6328099466747","0"
"1001","leaf_1000","84.5725315141389","4"
"1002","leaf_1001","84.5715029096959","4"
"1003","leaf_1002","84.5713414677215","3"
"1004","leaf_1003","84.5471826562687","2"
"1005","leaf_1004","84.5144780541747","2"
"1006","leaf_1005","84.5037452387617","4"
"1007","leaf_1006","84.4874234417212","3"
"1008","leaf_1007","84.4775961635327","4"
"1009","leaf_1008","84.4583856781117","3"
"1010","leaf_1009","84.4457966136963","0"
"1011","leaf_1010","84.444943954734","4"
"1012","leaf_1011","84.3765355925864","2"
"1013","leaf_1012","84.3684336822578","2"
"1014","leaf_1013","84.3650258935354","4"
"1015","leaf_1014","84.3531257391244","3"
"1016","leaf_1015","84.3268052035861","3"
"1017","leaf_1016","84.3221720833821","2"
"1018","leaf_1017","84.2907749665843","2"
"1019","leaf_1018","84.2788503660986","2"
"1020","leaf_1019","84.2736746030044","2"
"1021","leaf_1020","84.2224909149913","0"
"1022","leaf_1021","84.1942027828771","1"
"1023","leaf_1022","84.1431518955357","1"
"1024","leaf_1023","84.1112753063603","0"
"1025","leaf_1024","84.1079904696121","3"
"1026","leaf_1025","84.0765178038222","3"
"1027","leaf_1026","84.0761341920626","4"
"1028","leaf_1027","84.0680748963899","2"
"1029","leaf_1028","84.0527750340696","3"
"1030","leaf_1029","84.0312356886335","2"
"1031","leaf_1030","83.9952268721868","0"
"1032","leaf_1031","83.9782224364779","2"
"1033","leaf_1032","83.9719533484433","4"
"1034","leaf_1033","83.9402055472237","4"
"1035","leaf_1034","83.9035054600533","4"
"1036","leaf_1035","83.8924836610245","2"
"1037","leaf_1036","83.8636015099417","2"
"1038","leaf_1037","83.8600586265346","4"
"1039","leaf_1038","83.85265378875","2"
"1040","leaf_1039","83.8261341251577","3"
"1041","leaf_1040","83.8202230315587","3"
"1042","leaf_1041","83.768515951347","3"
"1043","leaf_1042","83.7673497114721","3"
"1044","leaf_1043","83.7275947817682","2"
"1045","leaf_1044","83.7240832266266","4"
"1046","leaf_1045","83.7143926023741","2"
"1047","leaf_1046","83.6743718948412","2"
"1048","leaf_1047","83.6630512611271","2"
"1049","leaf_1048","83.6478490012351","1"
"1050","leaf_1049","83.6472932410531","2"
"1051","leaf_1050","83.6135756220936","2"
"1052","leaf_1051","83.5888426918665","2"
"1053","leaf_1052","83.5853064137886","3"
"1054","leaf_1053","83.5570486446497","4"
"1055","leaf_1054","83.5305237013262","3"
"1056","leaf_1055","83.5076605448335","3"
"1057","leaf_1056","83.4863586252518","0"
"1058","leaf_1057","83.4842800324017","2"
"1059","leaf_1058","83.48203964319","2"
"1060","leaf_1059","83.4603415120132","4"
"1061","leaf_1060","83.4526728976533","2"
"1062","leaf_1061","83.4504740085918","1"
"1063","leaf_1062","83.3801003803346","2"
"1064","leaf_1063","83.3758670492819","3"
"1065","leaf_1064","83.3590097276517","2"
"1066","leaf_1065","83.3499788064769","2"
"1067","leaf_1066","83.3458835902601","3"
"1068","leaf_1067","83.3295395903777","3"
"1069","leaf_1068","83.3288189624356","0"
"1070","leaf_1069","83.3141203720452","1"
"1071","leaf_1070","83.3095330682785","3"
"1072","leaf_1071","83.3053361121128","2"
"1073","leaf_1072","83.3034993871398","4"
"1074","leaf_1073","83.2888105060079","2"
"1075","leaf_1074","83.2462252437935","4"
"1076","leaf_1075","83.2282846873987","1"
"1077","leaf_1076","83.2267315692528","4"
"1078","leaf_1077","83.206968011062","1"
"1079","leaf_1078","83.187900078407","2"
"1080","leaf_1079","83.1812357980912","2"
"1081","leaf_1080","83.1688985831345","0"
"1082","leaf_1081","83.1092326863147","3"
"1083","leaf_1082","83.1085802425385","2"
"1084","leaf_1083","83.101939307017","2"
"1085","leaf_1084","83.1019318762433","1"
"1086","leaf_1085","83.0961157305819","2"
"1087","leaf_1086","83.0739267534369","4"
"1088","leaf_1087","83.0609136187446","1"
"1089","leaf_1088","83.0180527960669","2"
"1090","leaf_1089","82.9917165578383","4"
"1091","leaf_1090","82.9738048443795","0"
"1092","leaf_1091","82.949580216581","2"
"1093","leaf_1092","82.9144122085116","2"
"1094","leaf_1093","82.9141633270147","2"
"1095","leaf_1094","82.910584591886","1"
"1096","leaf_1095","82.884513762984","2"
"1097","leaf_1096","82.8835170402132","3"
"1098","leaf_1097","82.8828046061679","4"
"1099","leaf_1098","82.8706928103763","0"
"1100","leaf_1099","82.8657214674459","1"
"1101","leaf_1100","82.828576735744","2"
"1102","leaf_1101","82.8168378274439","2"
"1103","leaf_1102","82.8092277485422","1"
"1104","leaf_1103","82.7925376307179","4"
"1105","leaf_1104","82.7695483260298","2"
"1106","leaf_1105","82.751035187033","2"
"1107","leaf_1106","82.732097592832","2"
"1108","leaf_1107","82.7276138991937","2"
"1109","leaf_1108","82.7095709723075","1"
"1110","leaf_1109","82.6588779977499","3"
"1111","leaf_1110","82.6504237682673","2"
"1112","leaf_1111","82.6412008425622","4"
"1113","leaf_1112","82.6338597767217","3"
"1114","leaf_1113","82.6181974534332","3"
"1115","leaf_1114","82.5758753478242","2"
"1116","leaf_1115","82.5369982562312","2"
"1117","leaf_1116","82.5330807635512","0"
"1118","leaf_1117","82.5254956757459","0"
"1119","leaf_1118","82.5190910161988","3"
"1120","leaf_1119","82.4974464113632","4"
"1121","leaf_1120","82.4862711592753","2"
"1122","leaf_1121","82.4692953754846","2"
"1123","leaf_1122","82.4325944872923","2"
"1124","leaf_1123","82.4108219569592","2"
"1125","leaf_1124","82.4020240211704","0"
"1126","leaf_1125","82.3972830388404","3"
"1127","leaf_1126","82.3919246895677","3"
"1128","leaf_1127","82.3729423916056","4"
"1129","leaf_1128","82.3713028215019","0"
"1130","leaf_1129","82.3552384443078","3"
"1131","leaf_1130","82.3507009692383","4"
"1132","leaf_1131","82.2869359412868","2"
"1133","leaf_1132","82.2287691437958","3"
"1134","leaf_1133","82.2155406272143","2"
"1135","leaf_1134","82.1723762940308","2"
"1136","leaf_1135","82.1613173392409","4"
"1137","leaf_1136","82.1426434648948","2"
"1138","leaf_1137","82.1264514365254","2"
"1139","leaf_1138","82.1194542450272","3"
"1140","leaf_1139","82.0745666886232","2"
"1141","leaf_1140","82.0725835684408","3"
"1142","leaf_1141","82.0165475010896","3"
"1143","leaf_1142","81.995863064837","0"
"1144","leaf_1143","81.9857727104322","2"
"1145","leaf_1144","81.9683354123476","2"
"1146","leaf_1145","81.9358463069905","2"
"1147","leaf_1146","81.9071131488534","4"
"1148","leaf_1147","81.8932386756843","4"
"1149","leaf_1148","81.8474932452289","2"
"1150","leaf_1149","81.8362067985961","4"
"1151","leaf_1150","81.802385700396","2"
"1152","leaf_1151","81.7726256011303","2"
"1153","leaf_1152","81.7707805474504","2"
"1154","leaf_1153","81.7663384613344","4"
"1155","leaf_1154","81.709410692807","3"
"1156","leaf_1155","81.6821025680635","2"
"1157","leaf_1156","81.6455661764918","2"
"1158","leaf_1157","81.6357160736033","4"
"1159","leaf_1158","81.6313513249859","4"
"1160","leaf_1159","81.5953964070416","2"
"1161","leaf_1160","81.553452407172","3"
"1162","leaf_1161","81.5488491117055","2"
"1163","leaf_1162","81.5449668627454","3"
"1164","leaf_1163","81.5445774381174","2"
"1165","leaf_1164","81.5325825187636","2"
"1166","leaf_1165","81.5289163558701","4"
"1167","leaf_1166","81.5126336017599","2"
"1168","leaf_1167","81.5053038432389","2"
"1169","leaf_1168","81.4972911204542","2"
"1170","leaf_1169","81.49728203881","2"
"1171","leaf_1170","81.4566084249083","2"
"1172","leaf_1171","81.4196924562223","3"
"1173","leaf_1172","81.4101422733384","4"
"1174","leaf_1173","81.4006206977674","2"
"1175","leaf_1174","81.3758362834929","0"
"1176","leaf_1175","81.3698455148526","2"
"1177","leaf_1176","81.3585346754195","2"
"1178","leaf_1177","81.2782843133227","0"
"1179","leaf_1178","81.2776471106391","2"
"1180","leaf_1179","81.2696223287013","3"
"1181","leaf_1180","81.264781393952","3"
"1182","leaf_1181","81.2528723273157","3"
"1183","leaf_1182","81.2517904108523","4"
"1184","leaf_1183","81.2265192130496","2"
"1185","leaf_1184","81.2115069740829","3"
"1186","leaf_1185","81.2011052325192","2"
"1187","leaf_1186","81.1876487521691","4"
"1188","leaf_1187","81.1847041844415","2"
"1189","leaf_1188","81.1766133752838","2"
"1190","leaf_1189","81.1649883832106","2"
"1191","leaf_1190","81.1423609033834","3"
"1192","leaf_1191","81.1399900601983","2"
"1193","leaf_1192","81.126950042875","3"
"1194","leaf_1193","81.1169250716312","1"
"1195","leaf_1194","81.0968139495996","2"
"1196","leaf_1195","81.0417815609104","0"
"1197","leaf_1196","81.0206266112288","4"
"1198","leaf_1197","80.9861667200204","2"
"1199","leaf_1198","80.9407972110536","2"
"1200","leaf_1199","80.9391269326132","3"
"1201","leaf_1200","80.9333288208607","2"
"1202","leaf_1201","80.9204936485245","2"
"1203","leaf_1202","80.9005310129547","1"
"1204","leaf_1203","80.8992148619731","4"
"1205","leaf_1204","80.898008362371","3"
"1206","leaf_1205","80.8882901160308","4"
"1207","leaf_1206","80.8813599392988","0"
"1208","leaf_1207","80.8634022618321","3"
"1209","leaf_1208","80.8400396322585","2"
"1210","leaf_1209","80.839152179887","3"
"1211","leaf_1210","80.8346560479588","4"
"1212","leaf_1211","80.8287180581926","2"
"1213","leaf_1212","80.8163247399176","2"
"1214","leaf_1213","80.7815520998613","2"
"1215","leaf_1214","80.7810276608628","0"
"1216","leaf_1215","80.770549591449","4"
"1217","leaf_1216","80.7533824440736","4"
"1218","leaf_1217","80.7208126112826","2"
"1219","leaf_1218","80.6771347204086","2"
"1220","leaf_1219","80.6710408789049","2"
"1221","leaf_1220","80.6504117845789","2"
"1222","leaf_1221","80.6483268889719","2"
"1223","leaf_1222","80.6399170202221","0"
"1224","leaf_1223","80.6369210258712","1"
"1225","leaf_1224","80.6227043570595","1"
"1226","leaf_1225","80.5803632532029","2"
"1227","leaf_1226","80.4566495672295","2"
"1228","leaf_1227","80.4416321362674","0"
"1229","leaf_1228","80.4397350161302","0"
"1230","leaf_1229","80.4188755571202","3"
"1231","leaf_1230","80.4051268491422","2"
"1232","leaf_1231","80.3955909527871","2"
"1233","leaf_1232","80.3947449382737","2"
"1234","leaf_1233","80.3945936472738","2"
"1235","leaf_1234","80.3849812521131","2"
"1236","leaf_1235","80.3829299334534","2"
"1237","leaf_1236","80.380070775575","3"
"1238","leaf_1237","80.3417863254319","2"
"1239","leaf_1238","80.2817087870836","2"
"1240","leaf_1239","80.2521076722943","4"
"1241","leaf_1240","80.2451368293324","4"
"1242","leaf_1241","80.227685224954","2"
"1243","leaf_1242","80.2153443782197","4"
"1244","leaf_1243","80.2055975348304","2"
"1245","leaf_1244","80.191949502893","2"
"1246","leaf_1245","80.1752106063235","2"
"1247","leaf_1246","80.1727981411152","2"
"1248","leaf_1247","80.1726557531405","2"
"1249","leaf_1248","80.1652033737955","2"
"1250","leaf_1249","80.1567619958165","2"
"1251","leaf_1250","80.0499791702495","4"
"1252","leaf_1251","80.0426324005483","2"
"1253","leaf_1252","80.0156553746253","4"
"1254","leaf_1253","80.0090479503453","2"
"1255","leaf_1254","79.9935106935861","2"
"1256","leaf_1255","79.981970387173","2"
"1257","leaf_1256","79.9799607733286","1"
"1258","leaf_1257","79.9705306410718","3"
"1259","leaf_1258","79.9553768517929","4"
"1260","leaf_1259","79.9535439517332","4"
"1261","leaf_1260","79.9357620947246","4"
"1262","leaf_1261","79.933430842075","2"
"1263","leaf_1262","79.9249240185285","2"
"1264","leaf_1263","79.8879525720822","2"
"1265","leaf_1264","79.8694205092726","3"
"1266","leaf_1265","79.8488759617058","2"
"1267","leaf_1266","79.8429478887116","2"
"1268","leaf_1267","79.8419980043442","3"
"1269","leaf_1268","79.8390612478841","4"
"1270","leaf_1269","79.8179393528827","2"
"1271","leaf_1270","79.815123749731","2"
"1272","leaf_1271","79.814075702777","4"
"1273","leaf_1272","79.7701766317771","0"
"1274","leaf_1273","79.7521048526541","2"
"1275","leaf_1274","79.741188879887","2"
"1276","leaf_1275","79.7340678876262","4"
"1277","leaf_1276","79.6975861992871","4"
"1278","leaf_1277","79.5899588427899","0"
"1279","leaf_1278","79.5242747874068","4"
"1280","leaf_1279","79.5219519172975","2"
"1281","leaf_1280","79.513205717167","4"
"1282","leaf_1281","79.5049892128949","0"
"1283","leaf_1282","79.4808838384094","3"
"1284","leaf_1283","79.4636255295176","2"
"1285","leaf_1284","79.4470101358031","2"
"1286","leaf_1285","79.4139809584962","3"
"1287","leaf_1286","79.4132711143281","2"
"1288","leaf_1287","79.4110062113941","4"
"1289","leaf_1288","79.404840678344","3"
"1290","leaf_1289","79.4037819110446","4"
"1291","leaf_1290","79.3396786278144","0"
"1292","leaf_1291","79.3228613924289","4"
"1293","leaf_1292","79.3056212058334","0"
"1294","leaf_1293","79.2780938926971","2"
"1295","leaf_1294","79.2553356487675","4"
"1296","leaf_1295","79.2441125782457","1"
"1297","leaf_1296","79.2313540026064","2"
"1298","leaf_1297","79.2294727624453","0"
"1299","leaf_1298","79.2068765133492","2"
"1300","leaf_1299","79.178644533277","2"
"1301","leaf_1300","79.1129631424396","3"
"1302","leaf_1301","79.075319793296","4"
"1303","leaf_1302","79.0648918935915","3"
"1304","leaf_1303","79.0576243815322","4"
"1305","leaf_1304","79.0390083509185","2"
"1306","leaf_1305","78.9653437834008","2"
"1307","leaf_1306","78.9606027556247","2"
"1308","leaf_1307","78.9483933974537","3"
"1309","leaf_1308","78.9242525196178","2"
"1310","leaf_1309","78.9159021883325","4"
"1311","leaf_1310","78.9004526286463","2"
"1312","leaf_1311","78.8986479732644","2"
"1313","leaf_1312","78.8654820036823","2"
"1314","leaf_1313","78.838695089258","1"
"1315","leaf_1314","78.8135082795415","3"
"1316","leaf_1315","78.7959107016362","3"
"1317","leaf_1316","78.7639940754046","3"
"1318","leaf_1317","78.7561350120674","4"
"1319","leaf_1318","78.7263989563527","1"
"1320","leaf_1319","78.7104793255166","2"
"1321","leaf_1320","78.6885688105483","4"
"1322","leaf_1321","78.6331589103698","4"
"1323","leaf_1322","78.6288415607359","0"
"1324","leaf_1323","78.6147303890304","4"
"1325","leaf_1324","78.6143864037517","3"
"1326","leaf_1325","78.6017310666931","2"
"1327","leaf_1326","78.5865363131624","4"
"1328","leaf_1327","78.5788869867436","2"
"1329","leaf_1328","78.5366174575608","3"
"1330","leaf_1329","78.5114930473437","2"
"1331","leaf_1330","78.5003519015299","2"
"1332","leaf_1331","78.4670063026068","3"
"1333","leaf_1332","78.4639383883867","2"
"1334","leaf_1333","78.4416355397093","1"
"1335","leaf_1334","78.4325653991806","2"
"1336","leaf_1335","78.4096809575529","4"
"1337","leaf_1336","78.361349761272","0"
"1338","leaf_1337","78.3358889373624","2"
"1339","leaf_1338","78.2865861941705","2"
"1340","leaf_1339","78.2741344998112","2"
"1341","leaf_1340","78.2736015230344","1"
"1342","leaf_1341","78.269820568085","2"
"1343","leaf_1342","78.2693475148207","2"
"1344","leaf_1343","78.2185024025103","3"
"1345","leaf_1344","78.2100944777285","4"
"1346","leaf_1345","78.1830692911697","4"
"1347","leaf_1346","78.1595947388775","2"
"1348","leaf_1347","78.1542195282496","3"
"1349","leaf_1348","78.140545169635","2"
"1350","leaf_1349","78.1043350663792","4"
"1351","leaf_1350","78.0829947969616","4"
"1352","leaf_1351","78.0820592342142","2"
"1353","leaf_1352","78.0612133178268","0"
"1354","leaf_1353","78.0117146668696","2"
"1355","leaf_1354","78.0098299137849","3"
"1356","leaf_1355","77.9556607363189","4"
"1357","leaf_1356","77.9470889950992","2"
"1358","leaf_1357","77.9377088558091","2"
"1359","leaf_1358","77.9339624742209","3"
"1360","leaf_1359","77.9308096051555","0"
"1361","leaf_1360","77.9083601871847","3"
"1362","leaf_1361","77.9032817729668","0"
"1363","leaf_1362","77.9004762849419","2"
"1364","leaf_1363","77.8714118032122","3"
"1365","leaf_1364","77.8552601548321","4"
"1366","leaf_1365","77.8467380402351","2"
"1367","leaf_1366","77.8398398134024","2"
"1368","leaf_1367","77.7980626666786","3"
"1369","leaf_1368","77.7912710380856","4"
"1370","leaf_1369","77.7476658459401","2"
"1371","leaf_1370","77.6953126381471","0"
"1372","leaf_1371","77.640297817666","2"
"1373","leaf_1372","77.6306342009593","2"
"1374","leaf_1373","77.6119147858412","2"
"1375","leaf_1374","77.6087152709569","2"
"1376","leaf_1375","77.6028567777688","4"
"1377","leaf_1376","77.5955686662509","3"
"1378","leaf_1377","77.560543466882","2"
"1379","leaf_1378","77.5148728099025","3"
"1380","leaf_1379","77.4912091943026","2"
"1381","leaf_1380","77.4399962381857","0"
"1382","leaf_1381","77.4333412796983","2"
"1383","leaf_1382","77.4298194469011","3"
"1384","leaf_1383","77.4129242802978","4"
"1385","leaf_1384","77.4088553714372","3"
"1386","leaf_1385","77.3846143385751","2"
"1387","leaf_1386","77.3686963502201","2"
"1388","leaf_1387","77.3279847445377","2"
"1389","leaf_1388","77.3274702307566","3"
"1390","leaf_1389","77.3272730567295","0"
"1391","leaf_1390","77.3025542957549","2"
"1392","leaf_1391","77.2695026984817","1"
"1393","leaf_1392","77.2490060941088","2"
"1394","leaf_1393","77.2271449651095","1"
"1395","leaf_1394","77.2155309752215","3"
"1396","leaf_1395","77.19753444243","2"
"1397","leaf_1396","77.185284047554","2"
"1398","leaf_1397","77.150848418171","0"
"1399","leaf_1398","77.1426117537712","1"
"1400","leaf_1399","77.0959768713241","1"
"1401","leaf_1400","77.0563844172208","2"
"1402","leaf_1401","77.0081166958626","2"
"1403","leaf_1402","76.9942451235602","2"
"1404","leaf_1403","76.9854016525543","2"
"1405","leaf_1404","76.9752417571909","4"
"1406","leaf_1405","76.9708015008961","1"
"1407","leaf_1406","76.9282551686932","2"
"1408","leaf_1407","76.9282054993742","2"
"1409","leaf_1408","76.8813722885965","0"
"1410","leaf_1409","76.8762383476948","2"
"1411","leaf_1410","76.8618932143551","3"
"1412","leaf_1411","76.8602587786543","4"
"1413","leaf_1412","76.8517499254751","0"
"1414","leaf_1413","76.8482108461338","2"
"1415","leaf_1414","76.8220062134187","4"
"1416","leaf_1415","76.7675534875802","2"
"1417","leaf_1416","76.7202169354189","2"
"1418","leaf_1417","76.7067915132984","2"
"1419","leaf_1418","76.685713764539","3"
"1420","leaf_1419","76.6835967500219","4"
"1421","leaf_1420","76.586755876705","4"
"1422","leaf_1421","76.5085043087732","1"
"1423","leaf_1422","76.500275844492","1"
"1424","leaf_1423","76.4793127243289","2"
"1425","leaf_1424","76.4669651482221","4"
"1426","leaf_1425","76.4430975484473","2"
"1427","leaf_1426","76.4051216196326","2"
"1428","leaf_1427","76.3853192371769","4"
"1429","leaf_1428","76.3775721999329","3"
"1430","leaf_1429","76.3723228719474","4"
"1431","leaf_1430","76.359274531468","2"
"1432","leaf_1431","76.2848138344571","2"
"1433","leaf_1432","76.2824841106966","2"
"1434","leaf_1433","76.2485158833176","3"
"1435","leaf_1434","76.2175572654117","2"
"1436","leaf_1435","76.2039369152417","4"
"1437","leaf_1436","76.174946201077","2"
"1438","leaf_1437","76.1374418325839","3"
"1439","leaf_1438","76.1046007720397","4"
"1440","leaf_1439","76.0666000100787","3"
"1441","leaf_1440","76.0138598179168","2"
"1442","leaf_1441","76.0045265228561","2"
"1443","leaf_1442","75.9765859630384","3"
"1444","leaf_1443","75.9196365301106","4"
"1445","leaf_1444","75.8647531334664","4"
"1446","leaf_1445","75.862264862722","4"
"1447","leaf_1446","75.8474274642572","2"
"1448","leaf_1447","75.8161375614404","2"
"1449","leaf_1448","75.8045989634548","4"
"1450","leaf_1449","75.7815551581704","3"
"1451","leaf_1450","75.7731653877928","1"
"1452","leaf_1451","75.7457592652006","3"
"1453","leaf_1452","75.7053030732669","3"
"1454","leaf_1453","75.6704723333492","2"
"1455","leaf_1454","75.5022491635634","3"
"1456","leaf_1455","75.4882377362161","2"
"1457","leaf_1456","75.4756900992704","2"
"1458","leaf_1457","75.4733637708819","3"
"1459","leaf_1458","75.4583998233561","2"
"1460","leaf_1459","75.3877471446466","0"
"1461","leaf_1460","75.3821857258967","2"
"1462","leaf_1461","75.3652635182711","0"
"1463","leaf_1462","75.3378135591308","4"
"1464","leaf_1463","75.3083945971715","0"
"1465","leaf_1464","75.2340131149966","0"
"1466","leaf_1465","75.2255138708217","2"
"1467","leaf_1466","75.1857405820944","4"
"1468","leaf_1467","75.1811458266215","0"
"1469","leaf_1468","75.1178646656369","3"
"1470","leaf_1469","75.1087078298035","3"
"1471","leaf_1470","75.0795855852635","2"
"1472","leaf_1471","75.0719748184756","2"
"1473","leaf_1472","75.0699343740533","2"
"1474","leaf_1473","75.0606628717665","2"
"1475","leaf_1474","75.0475523773662","0"
"1476","leaf_1475","75.042154088304","2"
"1477","leaf_1476","75.0384501408964","4"
"1478","leaf_1477","75.0223981800154","2"
"1479","leaf_1478","75.0107111873435","4"
"1480","leaf_1479","75.0082414665145","2"
"1481","leaf_1480","74.9842219492811","2"
"1482","leaf_1481","74.9402139068232","4"
"1483","leaf_1482","74.9063105963566","2"
"1484","leaf_1483","74.9018105059048","2"
"1485","leaf_1484","74.8602999155477","2"
"1486","leaf_1485","74.8474148442046","3"
"1487","leaf_1486","74.7900522414327","4"
"1488","leaf_1487","74.7869083630133","3"
"1489","leaf_1488","74.7831538296661","1"
"1490","leaf_1489","74.7276847534393","2"
"1491","leaf_1490","74.7229404329712","3"
"1492","leaf_1491","74.7012584655737","0"
"1493","leaf_1492","74.6779793982248","2"
"1494","leaf_1493","74.6525126138242","4"
"1495","leaf_1494","74.6247406643133","2"
"1496","leaf_1495","74.602880769946","2"
"1497","leaf_1496","74.4212500638055","2"
"1498","leaf_1497","74.3928483518405","3"
"1499","leaf_1498","74.3755295792771","2"
"1500","leaf_1499","74.3567239297301","3"
"1501","leaf_1500","74.2345817143647","3"
"1502","leaf_1501","74.2060128340215","4"
"1503","leaf_1502","74.1371921833491","4"
"1504","leaf_1503","74.0574816489009","3"
"1505","leaf_1504","74.0363648734255","2"
"1506","leaf_1505","74.0358698426037","3"
"1507","leaf_1506","74.0052048142163","2"
"1508","leaf_1507","73.988396760403","4"
"1509","leaf_1508","73.9848461676393","2"
"1510","leaf_1509","73.9711452510641","3"
"1511","leaf_1510","73.9374840654749","0"
"1512","leaf_1511","73.8857100136732","2"
"1513","leaf_1512","73.8451842517542","0"
"1514","leaf_1513","73.8238180747379","0"
"1515","leaf_1514","73.8211653683668","0"
"1516","leaf_1515","73.8205629627485","3"
"1517","leaf_1516","73.7880667917528","2"
"1518","leaf_1517","73.7631159653141","1"
"1519","leaf_1518","73.758073227482","2"
"1520","leaf_1519","73.7180232182791","3"
"1521","leaf_1520","73.6226726268405","2"
"1522","leaf_1521","73.5932579150691","2"
"1523","leaf_1522","73.5595521017827","2"
"1524","leaf_1523","73.5517575861765","4"
"1525","leaf_1524","73.5459793207453","2"
"1526","leaf_1525","73.4917509979659","1"
"1527","leaf_1526","73.4536345251887","4"
"1528","leaf_1527","73.4414799974576","2"
"1529","leaf_1528","73.4237088936981","2"
"1530","leaf_1529","73.4141428574331","3"
"1531","leaf_1530","73.412175976184","0"
"1532","leaf_1531","73.3945225708896","2"
"1533","leaf_1532","73.3350195719571","3"
"1534","leaf_1533","73.3196185600657","0"
"1535","leaf_1534","73.2947489524939","3"
"1536","leaf_1535","73.2583450949895","2"
"1537","leaf_1536","73.257537586716","2"
"1538","leaf_1537","73.2368449016273","2"
"1539","leaf_1538","73.1524747891397","4"
"1540","leaf_1539","73.1505637214146","4"
"1541","leaf_1540","73.1387127870384","2"
"1542","leaf_1541","73.0142990248053","2"
"1543","leaf_1542","73.0090878624329","4"
"1544","leaf_1543","72.9633352249718","2"
"1545","leaf_1544","72.9420842623812","2"
"1546","leaf_1545","72.9415686505873","3"
"1547","leaf_1546","72.8174321742649","2"
"1548","leaf_1547","72.7776227712719","0"
"1549","leaf_1548","72.7629195843749","2"
"1550","leaf_1549","72.7218603047934","3"
"1551","leaf_1550","72.6934546581104","4"
"1552","leaf_1551","72.6518197047254","4"
"1553","leaf_1552","72.6112645886912","2"
"1554","leaf_1553","72.5785587417354","2"
"1555","leaf_1554","72.576976820213","1"
"1556","leaf_1555","72.4956771406885","0"
"1557","leaf_1556","72.4935468058531","2"
"1558","leaf_1557","72.423597433893","0"
"1559","leaf_1558","72.3649952825007","1"
"1560","leaf_1559","72.327238407623","0"
"1561","leaf_1560","72.2852107682104","2"
"1562","leaf_1561","72.2237854665558","4"
"1563","leaf_1562","72.1967035372557","0"
"1564","leaf_1563","72.18943319273","3"
"1565","leaf_1564","72.1727392743236","0"
"1566","leaf_1565","72.125884239809","1"
"1567","leaf_1566","72.1043931363305","0"
"1568","leaf_1567","72.1017334892708","2"
"1569","leaf_1568","72.0927903718008","2"
"1570","leaf_1569","72.0006246566047","0"
"1571","leaf_1570","71.9997489875149","2"
"1572","leaf_1571","71.9993391064545","3"
"1573","leaf_1572","71.9057531465908","2"
"1574","leaf_1573","71.8977156101494","1"
"1575","leaf_1574","71.7734584372577","3"
"1576","leaf_1575","71.7130863153857","4"
"1577","leaf_1576","71.7125256099354","2"
"1578","leaf_1577","71.7026411052382","2"
"1579","leaf_1578","71.697678447859","0"
"1580","leaf_1579","71.6809313203736","2"
"1581","leaf_1580","71.6751525878874","2"
"1582","leaf_1581","71.5635119214686","2"
"1583","leaf_1582","71.5440511231304","2"
"1584","leaf_1583","71.5365121861049","4"
"1585","leaf_1584","71.5165131379521","0"
"1586","leaf_1585","71.4381466636603","1"
"1587","leaf_1586","71.4267497939154","2"
"1588","leaf_1587","71.4194045090902","2"
"1589","leaf_1588","71.3026798557438","2"
"1590","leaf_1589","71.2851940699251","0"
"1591","leaf_1590","71.2660241612564","4"
"1592","leaf_1591","71.2513808176157","2"
"1593","leaf_1592","71.247563651614","4"
"1594","leaf_1593","71.2175608545789","0"
"1595","leaf_1594","71.2094580877076","2"
"1596","leaf_1595","71.1809138333935","2"
"1597","leaf_1596","71.162441518181","2"
"1598","leaf_1597","71.071327307818","2"
"1599","leaf_1598","70.9649654783958","2"
"1600","leaf_1599","70.9578408639013","3"
"1601","leaf_1600","70.9258387173333","0"
"1602","leaf_1601","70.879631193139","2"
"1603","leaf_1602","70.8753357401923","4"
"1604","leaf_1603","70.8201022467743","2"
"1605","leaf_1604","70.783969727872","1"
"1606","leaf_1605","70.7478903152896","2"
"1607","leaf_1606","70.7280146593337","4"
"1608","leaf_1607","70.695528397155","2"
"1609","leaf_1608","70.6527295424066","4"
"1610","leaf_1609","70.5232214718409","2"
"1611","leaf_1610","70.433782545152","2"
"1612","leaf_1611","70.3695554717291","2"
"1613","leaf_1612","70.3415571078649","2"
"1614","leaf_1613","70.2978608348691","4"
"1615","leaf_1614","70.22294789489","4"
"1616","leaf_1615","70.2017202826292","2"
"1617","leaf_1616","70.0851148139978","4"
"1618","leaf_1617","70.0409119934054","2"
"1619","leaf_1618","69.9839017105421","3"
"1620","leaf_1619","69.9666181982617","3"
"1621","leaf_1620","69.9402038161024","4"
"1622","leaf_1621","69.9077467967007","2"
"1623","leaf_1622","69.9069890681051","2"
"1624","leaf_1623","69.8473391429673","4"
"1625","leaf_1624","69.8375985592995","2"
"1626","leaf_1625","69.7406984462782","4"
"1627","leaf_1626","69.6311073235146","3"
"1628","leaf_1627","69.6042479620747","2"
"1629","leaf_1628","69.3743076433638","3"
"1630","leaf_1629","69.3735196144628","2"
"1631","leaf_1630","69.3461579910749","3"
"1632","leaf_1631","69.3227989715994","4"
"1633","leaf_1632","69.3018094632272","0"
"1634","leaf_1633","69.2769999008091","0"
"1635","leaf_1634","69.1267296928291","1"
"1636","leaf_1635","68.8710170433916","0"
"1637","leaf_1636","68.868317090654","2"
"1638","leaf_1637","68.8343196123327","1"
"1639","leaf_1638","68.7743573938332","4"
"1640","leaf_1639","68.7082991077455","4"
"1641","leaf_1640","68.6783513559591","0"
"1642","leaf_1641","68.6346635851146","4"
"1643","leaf_1642","68.593168182795","2"
"1644","leaf_1643","68.5813388569442","2"
"1645","leaf_1644","68.4762139793871","2"
"1646","leaf_1645","68.4361576577563","1"
"1647","leaf_1646","68.4325713633066","2"
"1648","leaf_1647","68.3981465679936","2"
"1649","leaf_1648","68.3176039750339","2"
"1650","leaf_1649","68.2945661066703","2"
"1651","leaf_1650","68.2389460523356","4"
"1652","leaf_1651","68.2356644554036","2"
"1653","leaf_1652","68.1867319563133","3"
"1654","leaf_1653","68.1222932779489","2"
"1655","leaf_1654","68.0904440507722","2"
"1656","leaf_1655","67.993148338606","2"
"1657","leaf_1656","67.9914210486344","2"
"1658","leaf_1657","67.9626425227335","2"
"1659","leaf_1658","67.6397608036007","2"
"1660","leaf_1659","67.6390960029141","2"
"1661","leaf_1660","67.6184547554935","2"
"1662","leaf_1661","67.5072150627897","2"
"1663","leaf_1662","67.3627489799626","3"
"1664","leaf_1663","67.3460757054907","2"
"1665","leaf_1664","67.3021096838995","4"
"1666","leaf_1665","67.1729681691589","0"
"1667","leaf_1666","67.0469632629964","2"
"1668","leaf_1667","66.8774443981828","2"
"1669","leaf_1668","66.8145179089457","3"
"1670","leaf_1669","66.7826313823174","4"
"1671","leaf_1670","66.7424294656409","2"
"1672","leaf_1671","66.7177182892524","4"
"1673","leaf_1672","66.5804650820626","0"
"1674","leaf_1673","66.4985636863361","2"
"1675","leaf_1674","66.435674292474","0"
"1676","leaf_1675","66.4274945806858","4"
"1677","leaf_1676","66.3960969353186","2"
"1678","leaf_1677","66.3795200426268","2"
"1679","leaf_1678","66.3176136271489","2"
"1680","leaf_1679","66.2624767561703","3"
"1681","leaf_1680","66.2461866288238","2"
"1682","leaf_1681","66.2152572012093","2"
"1683","leaf_1682","66.1672103778395","2"
"1684","leaf_1683","66.1372354416635","3"
"1685","leaf_1684","66.0798114753873","0"
"1686","leaf_1685","66.0027752557361","2"
"1687","leaf_1686","65.9933343663869","4"
"1688","leaf_1687","65.9525775139596","0"
"1689","leaf_1688","65.9429603394702","4"
"1690","leaf_1689","65.8783347277166","3"
"1691","leaf_1690","65.8066702196633","3"
"1692","leaf_1691","65.6975886084438","3"
"1693","leaf_1692","65.6432096302577","0"
"1694","leaf_1693","65.5786783100725","0"
"1695","leaf_1694","65.5476130207918","0"
"1696","leaf_1695","65.4738119524162","4"
"1697","leaf_1696","65.4362871651742","0"
"1698","leaf_1697","65.2919958802525","2"
"1699","leaf_1698","65.2645504377962","0"
"1700","leaf_1699","65.2188458606911","0"
"1701","leaf_1700","65.1705068098539","2"
"1702","leaf_1701","65.1703815777678","1"
"1703","leaf_1702","65.1401213345669","2"
"1704","leaf_1703","65.010898923259","2"
"1705","leaf_1704","64.9455142155905","2"
"1706","leaf_1705","64.9175371095876","0"
"1707","leaf_1706","64.8945848143992","2"
"1708","leaf_1707","64.8626758509886","2"
"1709","leaf_1708","64.8239680091556","4"
"1710","leaf_1709","64.8017104467947","0"
"1711","leaf_1710","64.7226715478001","4"
"1712","leaf_1711","64.6672129865867","2"
"1713","leaf_1712","64.6594257277529","1"
"1714","leaf_1713","64.3479783646676","4"
"1715","leaf_1714","64.2842333938563","2"
"1716","leaf_1715","64.0756065110256","3"
"1717","leaf_1716","64.0168010131472","2"
"1718","leaf_1717","63.9652008086517","0"
"1719","leaf_1718","63.9606064274412","3"
"1720","leaf_1719","63.8587625554389","2"
"1721","leaf_1720","63.8357562419572","0"
"1722","leaf_1721","63.6227452205966","0"
"1723","leaf_1722","63.6057695019059","2"
"1724","leaf_1723","63.3115809601055","0"
"1725","leaf_1724","63.2232941601894","3"
"1726","leaf_1725","63.061416643012","1"
"1727","leaf_1726","62.9779925977616","0"
"1728","leaf_1727","62.8840197710054","0"
"1729","leaf_1728","62.8597123847665","2"
"1730","leaf_1729","62.7402336563421","2"
"1731","leaf_1730","62.7160420756523","2"
"1732","leaf_1731","62.2329920724412","0"
"1733","leaf_1732","62.1387789294927","2"
"1734","leaf_1733","61.9803932838578","3"
"1735","leaf_1734","61.7582122513071","2"
"1736","leaf_1735","61.7573771686102","2"
"1737","leaf_1736","61.7389539141249","3"
"1738","leaf_1737","61.7118158605007","4"
"1739","leaf_1738","61.7011449050804","0"
"1740","leaf_1739","61.6773139117385","1"
"1741","leaf_1740","61.5551458004389","2"
"1742","leaf_1741","61.5154411470268","4"
"1743","leaf_1742","61.4285775704795","3"
"1744","leaf_1743","61.3161795200865","2"
"1745","leaf_1744","61.2318545786393","3"
"1746","leaf_1745","61.2175507907549","4"
"1747","leaf_1746","61.0849781803286","1"
"1748","leaf_1747","61.0237183416044","4"
"1749","leaf_1748","60.814103163543","2"
"1750","leaf_1749","60.6742292270062","0"
"1751","leaf_1750","60.5431868664844","4"
"1752","leaf_1751","60.4707706764519","2"
"1753","leaf_1752","60.139196524148","2"
"1754","leaf_1753","59.9976154582233","2"
"1755","leaf_1754","59.7413150112792","2"
"1756","leaf_1755","59.6079664164478","2"
"1757","leaf_1756","59.3968365105871","1"
"1758","leaf_1757","59.1932473145294","4"
"1759","leaf_1758","59.1226844307287","4"
"1760","leaf_1759","58.9897566661635","2"
"1761","leaf_1760","58.7722767268369","0"
"1762","leaf_1761","58.6527661397578","2"
"1763","leaf_1762","58.606166513103","4"
"1764","leaf_1763","58.3858570265327","0"
"1765","leaf_1764","58.1481431929076","2"
"1766","leaf_1765","57.8836615066038","1"
"1767","leaf_1766","57.831775823455","2"
"1768","leaf_1767","57.7747637953414","4"
"1769","leaf_1768","57.6301418923611","4"
"1770","leaf_1769","57.5668474460395","0"
"1771","leaf_1770","57.5331635147981","2"
"1772","leaf_1771","57.4961669511745","0"
"1773","leaf_1772","57.4007218009495","0"
"1774","leaf_1773","57.3569527527048","4"
"1775","leaf_1774","56.858164316513","0"
"1776","leaf_1775","56.6491120848436","2"
"1777","leaf_1776","56.636135439185","0"
"1778","leaf_1777","56.3150386214287","0"
"1779","leaf_1778","56.2328218700942","2"
"1780","leaf_1779","56.0916456131145","4"
"1781","leaf_1780","55.135326946559","3"
"1782","leaf_1781","54.1828134489049","4"
"1783","leaf_1782","54.0336835819644","2"
"1784","leaf_1783","53.9028796103946","0"
"1785","leaf_1784","53.8684844572622","0"
"1786","leaf_1785","53.6817720174136","4"
"1787","leaf_1786","52.7013169083987","4"
"1788","leaf_1787","52.2684898824714","1"
"1789","leaf_1788","52.2301674787401","4"
"1790","leaf_1789","52.1002000297124","4"
"1791","leaf_1790","51.139905545078","2"
"1792","leaf_1791","50.962138795885","0"
"1793","leaf_1792","50.8194860513383","0"
"1794","leaf_1793","50.4360601301235","0"
"1795","leaf_1794","50.2295874146249","3"
"1796","leaf_1795","49.8815078190623","0"
"1797","leaf_1796","48.4137102164839","2"
"1798","leaf_1797","48.3434934868576","2"
"1799","leaf_1798","47.651299754846","4"
"1800","leaf_1799","47.1956054018983","3"
"1801","leaf_1800","42.8333383135836","4"
"1802","leaf_1801","35.8103964644641","1"
"1803","leaf_1802","34.6432710277158","0"
"1804","leaf_1803","33.4963358717967","4"
"1805","leaf_1804","29.9619188252806","1"
