age_decade,period,is_west,delay_sequence_collection_symptom_onset,n_seq,prop
0-9y,Wave 4,FALSE,-2,2,0.012987012987012988
0-9y,Wave 4,FALSE,-1,4,0.025974025974025976
0-9y,Wave 4,FALSE,0,30,0.19480519480519481
0-9y,Wave 4,FALSE,1,36,0.23376623376623376
0-9y,Wave 4,FALSE,2,20,0.12987012987012986
0-9y,Wave 4,FALSE,3,23,0.14935064935064934
0-9y,Wave 4,FALSE,4,14,0.09090909090909091
0-9y,Wave 4,FALSE,5,9,0.05844155844155844
0-9y,Wave 4,FALSE,6,6,0.03896103896103896
0-9y,Wave 4,FALSE,7,4,0.025974025974025976
0-9y,Wave 4,FALSE,8,2,0.012987012987012988
0-9y,Wave 4,FALSE,9,2,0.012987012987012988
0-9y,Wave 4,FALSE,11,1,0.006493506493506494
0-9y,Wave 4,FALSE,16,1,0.006493506493506494
0-9y,Wave 4,TRUE,-6,1,0.0013175230566534915
0-9y,Wave 4,TRUE,-4,1,0.0013175230566534915
0-9y,Wave 4,TRUE,-3,5,0.006587615283267457
0-9y,Wave 4,TRUE,-2,8,0.010540184453227932
0-9y,Wave 4,TRUE,-1,53,0.06982872200263504
0-9y,Wave 4,TRUE,0,141,0.1857707509881423
0-9y,Wave 4,TRUE,1,166,0.21870882740447958
0-9y,Wave 4,TRUE,2,124,0.16337285902503293
0-9y,Wave 4,TRUE,3,73,0.09617918313570488
0-9y,Wave 4,TRUE,4,54,0.07114624505928854
0-9y,Wave 4,TRUE,5,40,0.052700922266139656
0-9y,Wave 4,TRUE,6,36,0.04743083003952569
0-9y,Wave 4,TRUE,7,13,0.017127799736495388
0-9y,Wave 4,TRUE,8,11,0.014492753623188406
0-9y,Wave 4,TRUE,9,8,0.010540184453227932
0-9y,Wave 4,TRUE,10,8,0.010540184453227932
0-9y,Wave 4,TRUE,11,2,0.002635046113306983
0-9y,Wave 4,TRUE,12,4,0.005270092226613966
0-9y,Wave 4,TRUE,13,2,0.002635046113306983
0-9y,Wave 4,TRUE,14,2,0.002635046113306983
0-9y,Wave 4,TRUE,16,2,0.002635046113306983
0-9y,Wave 4,TRUE,17,2,0.002635046113306983
0-9y,Wave 4,TRUE,18,1,0.0013175230566534915
0-9y,Wave 4,TRUE,20,1,0.0013175230566534915
0-9y,Wave 4,TRUE,27,1,0.0013175230566534915
0-9y,Wave 5,FALSE,-11,1,0.0022371364653243847
0-9y,Wave 5,FALSE,-6,1,0.0022371364653243847
0-9y,Wave 5,FALSE,-4,1,0.0022371364653243847
0-9y,Wave 5,FALSE,-3,2,0.0044742729306487695
0-9y,Wave 5,FALSE,-2,5,0.011185682326621925
0-9y,Wave 5,FALSE,-1,18,0.040268456375838924
0-9y,Wave 5,FALSE,0,73,0.16331096196868009
0-9y,Wave 5,FALSE,1,107,0.23937360178970918
0-9y,Wave 5,FALSE,2,75,0.16778523489932887
0-9y,Wave 5,FALSE,3,45,0.10067114093959731
0-9y,Wave 5,FALSE,4,35,0.07829977628635347
0-9y,Wave 5,FALSE,5,25,0.05592841163310962
0-9y,Wave 5,FALSE,6,23,0.05145413870246085
0-9y,Wave 5,FALSE,7,12,0.026845637583892617
0-9y,Wave 5,FALSE,8,7,0.015659955257270694
0-9y,Wave 5,FALSE,9,6,0.013422818791946308
0-9y,Wave 5,FALSE,10,4,0.008948545861297539
0-9y,Wave 5,FALSE,11,2,0.0044742729306487695
0-9y,Wave 5,FALSE,12,2,0.0044742729306487695
0-9y,Wave 5,FALSE,13,1,0.0022371364653243847
0-9y,Wave 5,FALSE,16,1,0.0022371364653243847
0-9y,Wave 5,FALSE,30,1,0.0022371364653243847
0-9y,Wave 5,TRUE,-3,2,0.0019212295869356388
0-9y,Wave 5,TRUE,-2,14,0.013448607108549471
0-9y,Wave 5,TRUE,-1,33,0.03170028818443804
0-9y,Wave 5,TRUE,0,175,0.16810758885686838
0-9y,Wave 5,TRUE,1,253,0.2430355427473583
0-9y,Wave 5,TRUE,2,185,0.1777137367915466
0-9y,Wave 5,TRUE,3,112,0.10758885686839577
0-9y,Wave 5,TRUE,4,74,0.07108549471661864
0-9y,Wave 5,TRUE,5,56,0.053794428434197884
0-9y,Wave 5,TRUE,6,34,0.03266090297790586
0-9y,Wave 5,TRUE,7,34,0.03266090297790586
0-9y,Wave 5,TRUE,8,16,0.01536983669548511
0-9y,Wave 5,TRUE,9,13,0.012487992315081652
0-9y,Wave 5,TRUE,10,11,0.010566762728146013
0-9y,Wave 5,TRUE,11,6,0.005763688760806916
0-9y,Wave 5,TRUE,12,5,0.004803073967339097
0-9y,Wave 5,TRUE,13,1,9.606147934678194e-4
0-9y,Wave 5,TRUE,14,4,0.0038424591738712775
0-9y,Wave 5,TRUE,15,3,0.002881844380403458
0-9y,Wave 5,TRUE,16,2,0.0019212295869356388
0-9y,Wave 5,TRUE,17,3,0.002881844380403458
0-9y,Wave 5,TRUE,18,1,9.606147934678194e-4
0-9y,Wave 5,TRUE,19,1,9.606147934678194e-4
0-9y,Wave 5,TRUE,20,1,9.606147934678194e-4
0-9y,Wave 5,TRUE,21,1,9.606147934678194e-4
0-9y,Wave 5,TRUE,23,1,9.606147934678194e-4
0-9y,Wave 6,FALSE,-3,1,0.009345794392523364
0-9y,Wave 6,FALSE,-1,4,0.037383177570093455
0-9y,Wave 6,FALSE,0,13,0.12149532710280374
0-9y,Wave 6,FALSE,1,35,0.32710280373831774
0-9y,Wave 6,FALSE,2,20,0.18691588785046728
0-9y,Wave 6,FALSE,3,12,0.11214953271028037
0-9y,Wave 6,FALSE,4,12,0.11214953271028037
0-9y,Wave 6,FALSE,6,1,0.009345794392523364
0-9y,Wave 6,FALSE,7,2,0.018691588785046728
0-9y,Wave 6,FALSE,8,3,0.028037383177570093
0-9y,Wave 6,FALSE,10,1,0.009345794392523364
0-9y,Wave 6,FALSE,11,1,0.009345794392523364
0-9y,Wave 6,FALSE,12,1,0.009345794392523364
0-9y,Wave 6,FALSE,21,1,0.009345794392523364
0-9y,Wave 6,TRUE,-3,1,0.00303951367781155
0-9y,Wave 6,TRUE,-2,4,0.0121580547112462
0-9y,Wave 6,TRUE,-1,12,0.0364741641337386
0-9y,Wave 6,TRUE,0,49,0.14893617021276595
0-9y,Wave 6,TRUE,1,80,0.24316109422492402
0-9y,Wave 6,TRUE,2,60,0.182370820668693
0-9y,Wave 6,TRUE,3,38,0.11550151975683891
0-9y,Wave 6,TRUE,4,24,0.0729483282674772
0-9y,Wave 6,TRUE,5,21,0.06382978723404255
0-9y,Wave 6,TRUE,6,13,0.03951367781155015
0-9y,Wave 6,TRUE,7,6,0.0182370820668693
0-9y,Wave 6,TRUE,8,10,0.030395136778115502
0-9y,Wave 6,TRUE,9,5,0.015197568389057751
0-9y,Wave 6,TRUE,10,1,0.00303951367781155
0-9y,Wave 6,TRUE,11,1,0.00303951367781155
0-9y,Wave 6,TRUE,12,1,0.00303951367781155
0-9y,Wave 6,TRUE,14,1,0.00303951367781155
0-9y,Wave 6,TRUE,17,1,0.00303951367781155
0-9y,Wave 6,TRUE,23,1,0.00303951367781155
0-9y,Wave 7,FALSE,0,5,0.1282051282051282
0-9y,Wave 7,FALSE,1,17,0.4358974358974359
0-9y,Wave 7,FALSE,2,7,0.1794871794871795
0-9y,Wave 7,FALSE,3,2,0.05128205128205128
0-9y,Wave 7,FALSE,4,3,0.07692307692307693
0-9y,Wave 7,FALSE,5,3,0.07692307692307693
0-9y,Wave 7,FALSE,9,1,0.02564102564102564
0-9y,Wave 7,FALSE,21,1,0.02564102564102564
0-9y,Wave 7,TRUE,-4,1,0.004464285714285714
0-9y,Wave 7,TRUE,-2,2,0.008928571428571428
0-9y,Wave 7,TRUE,-1,5,0.022321428571428572
0-9y,Wave 7,TRUE,0,51,0.22767857142857142
0-9y,Wave 7,TRUE,1,57,0.2544642857142857
0-9y,Wave 7,TRUE,2,37,0.16517857142857142
0-9y,Wave 7,TRUE,3,21,0.09375
0-9y,Wave 7,TRUE,4,9,0.04017857142857143
0-9y,Wave 7,TRUE,5,16,0.07142857142857142
0-9y,Wave 7,TRUE,6,11,0.049107142857142856
0-9y,Wave 7,TRUE,7,3,0.013392857142857142
0-9y,Wave 7,TRUE,8,6,0.026785714285714284
0-9y,Wave 7,TRUE,10,2,0.008928571428571428
0-9y,Wave 7,TRUE,11,1,0.004464285714285714
0-9y,Wave 7,TRUE,12,1,0.004464285714285714
0-9y,Wave 7,TRUE,13,1,0.004464285714285714
10-19y,Wave 4,FALSE,-4,1,0.002352941176470588
10-19y,Wave 4,FALSE,-2,8,0.018823529411764704
10-19y,Wave 4,FALSE,-1,12,0.02823529411764706
10-19y,Wave 4,FALSE,0,62,0.14588235294117646
10-19y,Wave 4,FALSE,1,80,0.18823529411764706
10-19y,Wave 4,FALSE,2,92,0.2164705882352941
10-19y,Wave 4,FALSE,3,49,0.11529411764705882
10-19y,Wave 4,FALSE,4,42,0.0988235294117647
10-19y,Wave 4,FALSE,5,29,0.06823529411764706
10-19y,Wave 4,FALSE,6,17,0.04
10-19y,Wave 4,FALSE,7,5,0.011764705882352941
10-19y,Wave 4,FALSE,8,8,0.018823529411764704
10-19y,Wave 4,FALSE,9,8,0.018823529411764704
10-19y,Wave 4,FALSE,10,3,0.007058823529411765
10-19y,Wave 4,FALSE,11,1,0.002352941176470588
10-19y,Wave 4,FALSE,12,2,0.004705882352941176
10-19y,Wave 4,FALSE,14,4,0.009411764705882352
10-19y,Wave 4,FALSE,20,1,0.002352941176470588
10-19y,Wave 4,FALSE,29,1,0.002352941176470588
10-19y,Wave 4,TRUE,-4,4,0.002881844380403458
10-19y,Wave 4,TRUE,-3,4,0.002881844380403458
10-19y,Wave 4,TRUE,-2,13,0.009365994236311239
10-19y,Wave 4,TRUE,-1,51,0.03674351585014409
10-19y,Wave 4,TRUE,0,212,0.15273775216138327
10-19y,Wave 4,TRUE,1,284,0.20461095100864554
10-19y,Wave 4,TRUE,2,287,0.20677233429394812
10-19y,Wave 4,TRUE,3,191,0.13760806916426513
10-19y,Wave 4,TRUE,4,110,0.0792507204610951
10-19y,Wave 4,TRUE,5,72,0.05187319884726225
10-19y,Wave 4,TRUE,6,49,0.035302593659942365
10-19y,Wave 4,TRUE,7,38,0.027377521613832854
10-19y,Wave 4,TRUE,8,22,0.01585014409221902
10-19y,Wave 4,TRUE,9,12,0.008645533141210375
10-19y,Wave 4,TRUE,10,13,0.009365994236311239
10-19y,Wave 4,TRUE,11,6,0.004322766570605188
10-19y,Wave 4,TRUE,12,8,0.005763688760806916
10-19y,Wave 4,TRUE,13,4,0.002881844380403458
10-19y,Wave 4,TRUE,14,2,0.001440922190201729
10-19y,Wave 4,TRUE,15,2,0.001440922190201729
10-19y,Wave 4,TRUE,16,2,0.001440922190201729
10-19y,Wave 4,TRUE,18,1,7.204610951008645e-4
10-19y,Wave 4,TRUE,19,1,7.204610951008645e-4
10-19y,Wave 5,FALSE,-5,1,0.0014144271570014145
10-19y,Wave 5,FALSE,-3,4,0.005657708628005658
10-19y,Wave 5,FALSE,-2,6,0.008486562942008486
10-19y,Wave 5,FALSE,-1,18,0.02545968882602546
10-19y,Wave 5,FALSE,0,92,0.13012729844413012
10-19y,Wave 5,FALSE,1,158,0.22347949080622348
10-19y,Wave 5,FALSE,2,142,0.20084865629420084
10-19y,Wave 5,FALSE,3,104,0.1471004243281471
10-19y,Wave 5,FALSE,4,71,0.10042432814710042
10-19y,Wave 5,FALSE,5,35,0.04950495049504951
10-19y,Wave 5,FALSE,6,25,0.03536067892503536
10-19y,Wave 5,FALSE,7,9,0.01272984441301273
10-19y,Wave 5,FALSE,8,12,0.016973125884016973
10-19y,Wave 5,FALSE,9,11,0.015558698727015558
10-19y,Wave 5,FALSE,10,4,0.005657708628005658
10-19y,Wave 5,FALSE,11,2,0.002828854314002829
10-19y,Wave 5,FALSE,12,4,0.005657708628005658
10-19y,Wave 5,FALSE,13,1,0.0014144271570014145
10-19y,Wave 5,FALSE,14,2,0.002828854314002829
10-19y,Wave 5,FALSE,15,1,0.0014144271570014145
10-19y,Wave 5,FALSE,16,3,0.004243281471004243
10-19y,Wave 5,FALSE,17,1,0.0014144271570014145
10-19y,Wave 5,FALSE,30,1,0.0014144271570014145
10-19y,Wave 5,TRUE,-7,1,8.347245409015025e-4
10-19y,Wave 5,TRUE,-5,1,8.347245409015025e-4
10-19y,Wave 5,TRUE,-4,2,0.001669449081803005
10-19y,Wave 5,TRUE,-3,7,0.005843071786310518
10-19y,Wave 5,TRUE,-2,13,0.010851419031719533
10-19y,Wave 5,TRUE,-1,37,0.030884808013355594
10-19y,Wave 5,TRUE,0,165,0.13772954924874792
10-19y,Wave 5,TRUE,1,236,0.19699499165275458
10-19y,Wave 5,TRUE,2,243,0.2028380634390651
10-19y,Wave 5,TRUE,3,169,0.14106844741235391
10-19y,Wave 5,TRUE,4,116,0.09682804674457429
10-19y,Wave 5,TRUE,5,73,0.06093489148580968
10-19y,Wave 5,TRUE,6,34,0.028380634390651086
10-19y,Wave 5,TRUE,7,20,0.01669449081803005
10-19y,Wave 5,TRUE,8,20,0.01669449081803005
10-19y,Wave 5,TRUE,9,16,0.01335559265442404
10-19y,Wave 5,TRUE,10,11,0.009181969949916527
10-19y,Wave 5,TRUE,11,8,0.00667779632721202
10-19y,Wave 5,TRUE,12,6,0.005008347245409015
10-19y,Wave 5,TRUE,13,3,0.0025041736227045075
10-19y,Wave 5,TRUE,14,6,0.005008347245409015
10-19y,Wave 5,TRUE,15,2,0.001669449081803005
10-19y,Wave 5,TRUE,16,1,8.347245409015025e-4
10-19y,Wave 5,TRUE,19,3,0.0025041736227045075
10-19y,Wave 5,TRUE,20,1,8.347245409015025e-4
10-19y,Wave 5,TRUE,21,2,0.001669449081803005
10-19y,Wave 5,TRUE,22,1,8.347245409015025e-4
10-19y,Wave 5,TRUE,25,1,8.347245409015025e-4
10-19y,Wave 6,FALSE,-1,1,0.007194244604316547
10-19y,Wave 6,FALSE,0,18,0.12949640287769784
10-19y,Wave 6,FALSE,1,30,0.2158273381294964
10-19y,Wave 6,FALSE,2,32,0.2302158273381295
10-19y,Wave 6,FALSE,3,25,0.17985611510791366
10-19y,Wave 6,FALSE,4,10,0.07194244604316546
10-19y,Wave 6,FALSE,5,11,0.07913669064748201
10-19y,Wave 6,FALSE,6,7,0.050359712230215826
10-19y,Wave 6,FALSE,7,2,0.014388489208633094
10-19y,Wave 6,FALSE,8,2,0.014388489208633094
10-19y,Wave 6,FALSE,10,1,0.007194244604316547
10-19y,Wave 6,TRUE,-7,1,0.0018050541516245488
10-19y,Wave 6,TRUE,-1,10,0.018050541516245487
10-19y,Wave 6,TRUE,0,77,0.13898916967509026
10-19y,Wave 6,TRUE,1,146,0.26353790613718414
10-19y,Wave 6,TRUE,2,121,0.2184115523465704
10-19y,Wave 6,TRUE,3,70,0.1263537906137184
10-19y,Wave 6,TRUE,4,52,0.09386281588447654
10-19y,Wave 6,TRUE,5,35,0.0631768953068592
10-19y,Wave 6,TRUE,6,17,0.030685920577617327
10-19y,Wave 6,TRUE,7,4,0.007220216606498195
10-19y,Wave 6,TRUE,8,3,0.005415162454873646
10-19y,Wave 6,TRUE,9,7,0.01263537906137184
10-19y,Wave 6,TRUE,10,3,0.005415162454873646
10-19y,Wave 6,TRUE,11,3,0.005415162454873646
10-19y,Wave 6,TRUE,12,1,0.0018050541516245488
10-19y,Wave 6,TRUE,15,1,0.0018050541516245488
10-19y,Wave 6,TRUE,17,1,0.0018050541516245488
10-19y,Wave 6,TRUE,23,1,0.0018050541516245488
10-19y,Wave 6,TRUE,24,1,0.0018050541516245488
10-19y,Wave 7,FALSE,0,5,0.17857142857142858
10-19y,Wave 7,FALSE,1,12,0.42857142857142855
10-19y,Wave 7,FALSE,2,6,0.21428571428571427
10-19y,Wave 7,FALSE,3,2,0.07142857142857142
10-19y,Wave 7,FALSE,5,2,0.07142857142857142
10-19y,Wave 7,FALSE,11,1,0.03571428571428571
10-19y,Wave 7,TRUE,-11,1,0.004132231404958678
10-19y,Wave 7,TRUE,-2,3,0.012396694214876033
10-19y,Wave 7,TRUE,-1,6,0.024793388429752067
10-19y,Wave 7,TRUE,0,22,0.09090909090909091
10-19y,Wave 7,TRUE,1,53,0.2190082644628099
10-19y,Wave 7,TRUE,2,58,0.2396694214876033
10-19y,Wave 7,TRUE,3,38,0.15702479338842976
10-19y,Wave 7,TRUE,4,16,0.06611570247933884
10-19y,Wave 7,TRUE,5,15,0.06198347107438017
10-19y,Wave 7,TRUE,6,11,0.045454545454545456
10-19y,Wave 7,TRUE,7,10,0.04132231404958678
10-19y,Wave 7,TRUE,8,3,0.012396694214876033
10-19y,Wave 7,TRUE,9,3,0.012396694214876033
10-19y,Wave 7,TRUE,10,1,0.004132231404958678
10-19y,Wave 7,TRUE,11,1,0.004132231404958678
10-19y,Wave 7,TRUE,21,1,0.004132231404958678
20-29y,Wave 4,FALSE,-2,2,0.004106776180698152
20-29y,Wave 4,FALSE,-1,8,0.01642710472279261
20-29y,Wave 4,FALSE,0,66,0.13552361396303902
20-29y,Wave 4,FALSE,1,104,0.2135523613963039
20-29y,Wave 4,FALSE,2,101,0.20739219712525667
20-29y,Wave 4,FALSE,3,68,0.13963039014373715
20-29y,Wave 4,FALSE,4,42,0.08624229979466119
20-29y,Wave 4,FALSE,5,24,0.049281314168377825
20-29y,Wave 4,FALSE,6,25,0.0513347022587269
20-29y,Wave 4,FALSE,7,11,0.022587268993839837
20-29y,Wave 4,FALSE,8,12,0.024640657084188913
20-29y,Wave 4,FALSE,9,4,0.008213552361396304
20-29y,Wave 4,FALSE,10,10,0.02053388090349076
20-29y,Wave 4,FALSE,11,4,0.008213552361396304
20-29y,Wave 4,FALSE,12,1,0.002053388090349076
20-29y,Wave 4,FALSE,13,1,0.002053388090349076
20-29y,Wave 4,FALSE,14,2,0.004106776180698152
20-29y,Wave 4,FALSE,23,1,0.002053388090349076
20-29y,Wave 4,FALSE,24,1,0.002053388090349076
20-29y,Wave 4,TRUE,-4,1,5.324813631522897e-4
20-29y,Wave 4,TRUE,-3,2,0.0010649627263045794
20-29y,Wave 4,TRUE,-2,12,0.006389776357827476
20-29y,Wave 4,TRUE,-1,58,0.0308839190628328
20-29y,Wave 4,TRUE,0,274,0.14589989350372737
20-29y,Wave 4,TRUE,1,448,0.23855165069222578
20-29y,Wave 4,TRUE,2,372,0.19808306709265175
20-29y,Wave 4,TRUE,3,264,0.14057507987220447
20-29y,Wave 4,TRUE,4,139,0.07401490947816826
20-29y,Wave 4,TRUE,5,103,0.05484558040468584
20-29y,Wave 4,TRUE,6,74,0.039403620873269436
20-29y,Wave 4,TRUE,7,33,0.01757188498402556
20-29y,Wave 4,TRUE,8,27,0.01437699680511182
20-29y,Wave 4,TRUE,9,15,0.007987220447284345
20-29y,Wave 4,TRUE,10,21,0.011182108626198083
20-29y,Wave 4,TRUE,11,13,0.006922257720979766
20-29y,Wave 4,TRUE,12,9,0.004792332268370607
20-29y,Wave 4,TRUE,13,5,0.0026624068157614484
20-29y,Wave 4,TRUE,14,2,0.0010649627263045794
20-29y,Wave 4,TRUE,15,1,5.324813631522897e-4
20-29y,Wave 4,TRUE,16,1,5.324813631522897e-4
20-29y,Wave 4,TRUE,17,1,5.324813631522897e-4
20-29y,Wave 4,TRUE,18,1,5.324813631522897e-4
20-29y,Wave 4,TRUE,20,1,5.324813631522897e-4
20-29y,Wave 4,TRUE,23,1,5.324813631522897e-4
20-29y,Wave 5,FALSE,-4,2,0.0023923444976076554
20-29y,Wave 5,FALSE,-2,6,0.007177033492822967
20-29y,Wave 5,FALSE,-1,17,0.02033492822966507
20-29y,Wave 5,FALSE,0,101,0.12081339712918661
20-29y,Wave 5,FALSE,1,190,0.22727272727272727
20-29y,Wave 5,FALSE,2,175,0.20933014354066987
20-29y,Wave 5,FALSE,3,111,0.13277511961722488
20-29y,Wave 5,FALSE,4,88,0.10526315789473684
20-29y,Wave 5,FALSE,5,39,0.04665071770334928
20-29y,Wave 5,FALSE,6,37,0.04425837320574163
20-29y,Wave 5,FALSE,7,20,0.023923444976076555
20-29y,Wave 5,FALSE,8,18,0.0215311004784689
20-29y,Wave 5,FALSE,9,13,0.01555023923444976
20-29y,Wave 5,FALSE,10,7,0.008373205741626795
20-29y,Wave 5,FALSE,11,4,0.004784688995215311
20-29y,Wave 5,FALSE,12,2,0.0023923444976076554
20-29y,Wave 5,FALSE,13,3,0.0035885167464114833
20-29y,Wave 5,FALSE,14,3,0.0035885167464114833
20-29y,Wave 5,TRUE,-5,1,5.633802816901409e-4
20-29y,Wave 5,TRUE,-3,3,0.0016901408450704226
20-29y,Wave 5,TRUE,-2,7,0.003943661971830986
20-29y,Wave 5,TRUE,-1,28,0.015774647887323943
20-29y,Wave 5,TRUE,0,216,0.12169014084507042
20-29y,Wave 5,TRUE,1,391,0.22028169014084506
20-29y,Wave 5,TRUE,2,404,0.2276056338028169
20-29y,Wave 5,TRUE,3,276,0.15549295774647887
20-29y,Wave 5,TRUE,4,165,0.09295774647887324
20-29y,Wave 5,TRUE,5,106,0.05971830985915493
20-29y,Wave 5,TRUE,6,64,0.036056338028169016
20-29y,Wave 5,TRUE,7,40,0.022535211267605635
20-29y,Wave 5,TRUE,8,25,0.014084507042253521
20-29y,Wave 5,TRUE,9,10,0.005633802816901409
20-29y,Wave 5,TRUE,10,14,0.007887323943661971
20-29y,Wave 5,TRUE,11,4,0.0022535211267605635
20-29y,Wave 5,TRUE,12,8,0.004507042253521127
20-29y,Wave 5,TRUE,13,4,0.0022535211267605635
20-29y,Wave 5,TRUE,15,4,0.0022535211267605635
20-29y,Wave 5,TRUE,17,2,0.0011267605633802818
20-29y,Wave 5,TRUE,19,1,5.633802816901409e-4
20-29y,Wave 5,TRUE,21,1,5.633802816901409e-4
20-29y,Wave 5,TRUE,24,1,5.633802816901409e-4
20-29y,Wave 6,FALSE,-1,1,0.008064516129032258
20-29y,Wave 6,FALSE,0,8,0.06451612903225806
20-29y,Wave 6,FALSE,1,32,0.25806451612903225
20-29y,Wave 6,FALSE,2,26,0.20967741935483872
20-29y,Wave 6,FALSE,3,20,0.16129032258064516
20-29y,Wave 6,FALSE,4,13,0.10483870967741936
20-29y,Wave 6,FALSE,5,7,0.056451612903225805
20-29y,Wave 6,FALSE,6,5,0.04032258064516129
20-29y,Wave 6,FALSE,7,5,0.04032258064516129
20-29y,Wave 6,FALSE,8,4,0.03225806451612903
20-29y,Wave 6,FALSE,9,2,0.016129032258064516
20-29y,Wave 6,FALSE,11,1,0.008064516129032258
20-29y,Wave 6,TRUE,-23,1,0.0017605633802816902
20-29y,Wave 6,TRUE,-5,1,0.0017605633802816902
20-29y,Wave 6,TRUE,-2,2,0.0035211267605633804
20-29y,Wave 6,TRUE,-1,9,0.01584507042253521
20-29y,Wave 6,TRUE,0,43,0.07570422535211267
20-29y,Wave 6,TRUE,1,133,0.23415492957746478
20-29y,Wave 6,TRUE,2,153,0.26936619718309857
20-29y,Wave 6,TRUE,3,89,0.15669014084507044
20-29y,Wave 6,TRUE,4,53,0.09330985915492958
20-29y,Wave 6,TRUE,5,30,0.0528169014084507
20-29y,Wave 6,TRUE,6,13,0.022887323943661973
20-29y,Wave 6,TRUE,7,14,0.02464788732394366
20-29y,Wave 6,TRUE,8,7,0.01232394366197183
20-29y,Wave 6,TRUE,9,6,0.01056338028169014
20-29y,Wave 6,TRUE,10,10,0.017605633802816902
20-29y,Wave 6,TRUE,11,1,0.0017605633802816902
20-29y,Wave 6,TRUE,15,1,0.0017605633802816902
20-29y,Wave 6,TRUE,16,1,0.0017605633802816902
20-29y,Wave 6,TRUE,17,1,0.0017605633802816902
20-29y,Wave 7,FALSE,0,6,0.10344827586206896
20-29y,Wave 7,FALSE,1,17,0.29310344827586204
20-29y,Wave 7,FALSE,2,21,0.3620689655172414
20-29y,Wave 7,FALSE,3,9,0.15517241379310345
20-29y,Wave 7,FALSE,4,3,0.05172413793103448
20-29y,Wave 7,FALSE,7,1,0.017241379310344827
20-29y,Wave 7,FALSE,8,1,0.017241379310344827
20-29y,Wave 7,TRUE,-11,1,0.004694835680751174
20-29y,Wave 7,TRUE,-1,3,0.014084507042253521
20-29y,Wave 7,TRUE,0,31,0.14553990610328638
20-29y,Wave 7,TRUE,1,62,0.29107981220657275
20-29y,Wave 7,TRUE,2,45,0.2112676056338028
20-29y,Wave 7,TRUE,3,31,0.14553990610328638
20-29y,Wave 7,TRUE,4,11,0.051643192488262914
20-29y,Wave 7,TRUE,5,12,0.056338028169014086
20-29y,Wave 7,TRUE,6,4,0.018779342723004695
20-29y,Wave 7,TRUE,7,5,0.023474178403755867
20-29y,Wave 7,TRUE,8,4,0.018779342723004695
20-29y,Wave 7,TRUE,9,1,0.004694835680751174
20-29y,Wave 7,TRUE,10,1,0.004694835680751174
20-29y,Wave 7,TRUE,14,1,0.004694835680751174
20-29y,Wave 7,TRUE,28,1,0.004694835680751174
30-39y,Wave 4,FALSE,-3,1,0.0026455026455026454
30-39y,Wave 4,FALSE,-1,2,0.005291005291005291
30-39y,Wave 4,FALSE,0,36,0.09523809523809523
30-39y,Wave 4,FALSE,1,98,0.25925925925925924
30-39y,Wave 4,FALSE,2,79,0.20899470899470898
30-39y,Wave 4,FALSE,3,50,0.13227513227513227
30-39y,Wave 4,FALSE,4,32,0.08465608465608465
30-39y,Wave 4,FALSE,5,21,0.05555555555555555
30-39y,Wave 4,FALSE,6,16,0.042328042328042326
30-39y,Wave 4,FALSE,7,14,0.037037037037037035
30-39y,Wave 4,FALSE,8,10,0.026455026455026454
30-39y,Wave 4,FALSE,9,2,0.005291005291005291
30-39y,Wave 4,FALSE,10,7,0.018518518518518517
30-39y,Wave 4,FALSE,11,7,0.018518518518518517
30-39y,Wave 4,FALSE,12,1,0.0026455026455026454
30-39y,Wave 4,FALSE,13,1,0.0026455026455026454
30-39y,Wave 4,FALSE,14,1,0.0026455026455026454
30-39y,Wave 4,TRUE,-5,1,5.841121495327102e-4
30-39y,Wave 4,TRUE,-4,3,0.0017523364485981308
30-39y,Wave 4,TRUE,-3,2,0.0011682242990654205
30-39y,Wave 4,TRUE,-2,14,0.008177570093457943
30-39y,Wave 4,TRUE,-1,42,0.02453271028037383
30-39y,Wave 4,TRUE,0,208,0.12149532710280374
30-39y,Wave 4,TRUE,1,377,0.22021028037383178
30-39y,Wave 4,TRUE,2,344,0.20093457943925233
30-39y,Wave 4,TRUE,3,253,0.1477803738317757
30-39y,Wave 4,TRUE,4,171,0.09988317757009346
30-39y,Wave 4,TRUE,5,96,0.056074766355140186
30-39y,Wave 4,TRUE,6,53,0.030957943925233645
30-39y,Wave 4,TRUE,7,42,0.02453271028037383
30-39y,Wave 4,TRUE,8,25,0.014602803738317757
30-39y,Wave 4,TRUE,9,18,0.010514018691588784
30-39y,Wave 4,TRUE,10,14,0.008177570093457943
30-39y,Wave 4,TRUE,11,12,0.007009345794392523
30-39y,Wave 4,TRUE,12,8,0.004672897196261682
30-39y,Wave 4,TRUE,13,12,0.007009345794392523
30-39y,Wave 4,TRUE,14,5,0.0029205607476635513
30-39y,Wave 4,TRUE,15,3,0.0017523364485981308
30-39y,Wave 4,TRUE,16,3,0.0017523364485981308
30-39y,Wave 4,TRUE,17,1,5.841121495327102e-4
30-39y,Wave 4,TRUE,18,2,0.0011682242990654205
30-39y,Wave 4,TRUE,19,1,5.841121495327102e-4
30-39y,Wave 4,TRUE,20,2,0.0011682242990654205
30-39y,Wave 5,FALSE,-8,1,0.0012106537530266344
30-39y,Wave 5,FALSE,-5,1,0.0012106537530266344
30-39y,Wave 5,FALSE,-4,1,0.0012106537530266344
30-39y,Wave 5,FALSE,-3,3,0.0036319612590799033
30-39y,Wave 5,FALSE,-2,6,0.007263922518159807
30-39y,Wave 5,FALSE,-1,15,0.018159806295399514
30-39y,Wave 5,FALSE,0,104,0.12590799031476999
30-39y,Wave 5,FALSE,1,159,0.19249394673123488
30-39y,Wave 5,FALSE,2,154,0.1864406779661017
30-39y,Wave 5,FALSE,3,140,0.1694915254237288
30-39y,Wave 5,FALSE,4,81,0.09806295399515738
30-39y,Wave 5,FALSE,5,52,0.06295399515738499
30-39y,Wave 5,FALSE,6,27,0.03268765133171913
30-39y,Wave 5,FALSE,7,31,0.03753026634382567
30-39y,Wave 5,FALSE,8,16,0.01937046004842615
30-39y,Wave 5,FALSE,9,13,0.015738498789346248
30-39y,Wave 5,FALSE,10,9,0.010895883777239709
30-39y,Wave 5,FALSE,11,4,0.004842615012106538
30-39y,Wave 5,FALSE,12,2,0.002421307506053269
30-39y,Wave 5,FALSE,13,1,0.0012106537530266344
30-39y,Wave 5,FALSE,14,3,0.0036319612590799033
30-39y,Wave 5,FALSE,16,1,0.0012106537530266344
30-39y,Wave 5,FALSE,18,1,0.0012106537530266344
30-39y,Wave 5,FALSE,19,1,0.0012106537530266344
30-39y,Wave 5,TRUE,-4,3,0.0016629711751662971
30-39y,Wave 5,TRUE,-3,1,5.543237250554324e-4
30-39y,Wave 5,TRUE,-2,13,0.007206208425720621
30-39y,Wave 5,TRUE,-1,32,0.017738359201773836
30-39y,Wave 5,TRUE,0,186,0.10310421286031042
30-39y,Wave 5,TRUE,1,445,0.2466740576496674
30-39y,Wave 5,TRUE,2,361,0.20011086474501108
30-39y,Wave 5,TRUE,3,274,0.15188470066518847
30-39y,Wave 5,TRUE,4,181,0.10033259423503325
30-39y,Wave 5,TRUE,5,110,0.06097560975609756
30-39y,Wave 5,TRUE,6,59,0.03270509977827051
30-39y,Wave 5,TRUE,7,46,0.025498891352549888
30-39y,Wave 5,TRUE,8,30,0.01662971175166297
30-39y,Wave 5,TRUE,9,22,0.012195121951219513
30-39y,Wave 5,TRUE,10,21,0.01164079822616408
30-39y,Wave 5,TRUE,11,5,0.002771618625277162
30-39y,Wave 5,TRUE,12,4,0.0022172949002217295
30-39y,Wave 5,TRUE,13,3,0.0016629711751662971
30-39y,Wave 5,TRUE,14,3,0.0016629711751662971
30-39y,Wave 5,TRUE,15,2,0.0011086474501108647
30-39y,Wave 5,TRUE,16,1,5.543237250554324e-4
30-39y,Wave 5,TRUE,18,1,5.543237250554324e-4
30-39y,Wave 5,TRUE,26,1,5.543237250554324e-4
30-39y,Wave 6,FALSE,-3,3,0.01948051948051948
30-39y,Wave 6,FALSE,-2,3,0.01948051948051948
30-39y,Wave 6,FALSE,-1,3,0.01948051948051948
30-39y,Wave 6,FALSE,0,10,0.06493506493506493
30-39y,Wave 6,FALSE,1,33,0.21428571428571427
30-39y,Wave 6,FALSE,2,36,0.23376623376623376
30-39y,Wave 6,FALSE,3,27,0.17532467532467533
30-39y,Wave 6,FALSE,4,13,0.08441558441558442
30-39y,Wave 6,FALSE,5,12,0.07792207792207792
30-39y,Wave 6,FALSE,6,3,0.01948051948051948
30-39y,Wave 6,FALSE,7,4,0.025974025974025976
30-39y,Wave 6,FALSE,8,4,0.025974025974025976
30-39y,Wave 6,FALSE,9,1,0.006493506493506494
30-39y,Wave 6,FALSE,11,1,0.006493506493506494
30-39y,Wave 6,FALSE,14,1,0.006493506493506494
30-39y,Wave 6,TRUE,-8,1,0.001697792869269949
30-39y,Wave 6,TRUE,-2,4,0.006791171477079796
30-39y,Wave 6,TRUE,-1,9,0.015280135823429542
30-39y,Wave 6,TRUE,0,60,0.10186757215619695
30-39y,Wave 6,TRUE,1,156,0.26485568760611206
30-39y,Wave 6,TRUE,2,145,0.2461799660441426
30-39y,Wave 6,TRUE,3,83,0.14091680814940577
30-39y,Wave 6,TRUE,4,51,0.0865874363327674
30-39y,Wave 6,TRUE,5,23,0.03904923599320883
30-39y,Wave 6,TRUE,6,14,0.023769100169779286
30-39y,Wave 6,TRUE,7,17,0.028862478777589132
30-39y,Wave 6,TRUE,8,9,0.015280135823429542
30-39y,Wave 6,TRUE,9,10,0.01697792869269949
30-39y,Wave 6,TRUE,10,6,0.010186757215619695
30-39y,Wave 6,TRUE,11,1,0.001697792869269949
30-39y,Wave 7,FALSE,-1,2,0.03773584905660377
30-39y,Wave 7,FALSE,0,9,0.16981132075471697
30-39y,Wave 7,FALSE,1,14,0.2641509433962264
30-39y,Wave 7,FALSE,2,6,0.11320754716981132
30-39y,Wave 7,FALSE,3,8,0.1509433962264151
30-39y,Wave 7,FALSE,4,6,0.11320754716981132
30-39y,Wave 7,FALSE,5,3,0.05660377358490566
30-39y,Wave 7,FALSE,6,2,0.03773584905660377
30-39y,Wave 7,FALSE,8,1,0.018867924528301886
30-39y,Wave 7,FALSE,10,1,0.018867924528301886
30-39y,Wave 7,FALSE,12,1,0.018867924528301886
30-39y,Wave 7,TRUE,-21,1,0.006711409395973154
30-39y,Wave 7,TRUE,-18,1,0.006711409395973154
30-39y,Wave 7,TRUE,-10,1,0.006711409395973154
30-39y,Wave 7,TRUE,0,13,0.087248322147651
30-39y,Wave 7,TRUE,1,42,0.28187919463087246
30-39y,Wave 7,TRUE,2,25,0.16778523489932887
30-39y,Wave 7,TRUE,3,28,0.18791946308724833
30-39y,Wave 7,TRUE,4,13,0.087248322147651
30-39y,Wave 7,TRUE,5,8,0.053691275167785234
30-39y,Wave 7,TRUE,6,3,0.020134228187919462
30-39y,Wave 7,TRUE,7,5,0.03355704697986577
30-39y,Wave 7,TRUE,8,1,0.006711409395973154
30-39y,Wave 7,TRUE,9,1,0.006711409395973154
30-39y,Wave 7,TRUE,10,4,0.026845637583892617
30-39y,Wave 7,TRUE,11,2,0.013422818791946308
30-39y,Wave 7,TRUE,26,1,0.006711409395973154
40-49y,Wave 4,FALSE,-2,2,0.005194805194805195
40-49y,Wave 4,FALSE,-1,2,0.005194805194805195
40-49y,Wave 4,FALSE,0,39,0.1012987012987013
40-49y,Wave 4,FALSE,1,95,0.24675324675324675
40-49y,Wave 4,FALSE,2,80,0.2077922077922078
40-49y,Wave 4,FALSE,3,46,0.11948051948051948
40-49y,Wave 4,FALSE,4,26,0.06753246753246753
40-49y,Wave 4,FALSE,5,31,0.08051948051948052
40-49y,Wave 4,FALSE,6,25,0.06493506493506493
40-49y,Wave 4,FALSE,7,16,0.04155844155844156
40-49y,Wave 4,FALSE,8,7,0.01818181818181818
40-49y,Wave 4,FALSE,9,4,0.01038961038961039
40-49y,Wave 4,FALSE,10,4,0.01038961038961039
40-49y,Wave 4,FALSE,11,3,0.007792207792207792
40-49y,Wave 4,FALSE,12,1,0.0025974025974025974
40-49y,Wave 4,FALSE,13,1,0.0025974025974025974
40-49y,Wave 4,FALSE,16,1,0.0025974025974025974
40-49y,Wave 4,FALSE,17,1,0.0025974025974025974
40-49y,Wave 4,FALSE,25,1,0.0025974025974025974
40-49y,Wave 4,TRUE,-3,3,0.0023734177215189874
40-49y,Wave 4,TRUE,-2,3,0.0023734177215189874
40-49y,Wave 4,TRUE,-1,27,0.021360759493670885
40-49y,Wave 4,TRUE,0,134,0.1060126582278481
40-49y,Wave 4,TRUE,1,267,0.21123417721518986
40-49y,Wave 4,TRUE,2,269,0.21281645569620253
40-49y,Wave 4,TRUE,3,178,0.14082278481012658
40-49y,Wave 4,TRUE,4,119,0.09414556962025317
40-49y,Wave 4,TRUE,5,85,0.06724683544303797
40-49y,Wave 4,TRUE,6,48,0.0379746835443038
40-49y,Wave 4,TRUE,7,45,0.03560126582278481
40-49y,Wave 4,TRUE,8,22,0.01740506329113924
40-49y,Wave 4,TRUE,9,18,0.014240506329113924
40-49y,Wave 4,TRUE,10,16,0.012658227848101266
40-49y,Wave 4,TRUE,11,9,0.007120253164556962
40-49y,Wave 4,TRUE,12,3,0.0023734177215189874
40-49y,Wave 4,TRUE,13,3,0.0023734177215189874
40-49y,Wave 4,TRUE,14,5,0.003955696202531646
40-49y,Wave 4,TRUE,15,3,0.0023734177215189874
40-49y,Wave 4,TRUE,16,2,0.0015822784810126582
40-49y,Wave 4,TRUE,17,2,0.0015822784810126582
40-49y,Wave 4,TRUE,20,1,7.911392405063291e-4
40-49y,Wave 4,TRUE,24,1,7.911392405063291e-4
40-49y,Wave 4,TRUE,27,1,7.911392405063291e-4
40-49y,Wave 5,FALSE,-4,4,0.0062402496099844
40-49y,Wave 5,FALSE,-2,5,0.0078003120124804995
40-49y,Wave 5,FALSE,-1,7,0.0109204368174727
40-49y,Wave 5,FALSE,0,66,0.1029641185647426
40-49y,Wave 5,FALSE,1,132,0.2059282371294852
40-49y,Wave 5,FALSE,2,134,0.20904836193447737
40-49y,Wave 5,FALSE,3,102,0.15912636505460218
40-49y,Wave 5,FALSE,4,58,0.0904836193447738
40-49y,Wave 5,FALSE,5,57,0.08892355694227769
40-49y,Wave 5,FALSE,6,28,0.0436817472698908
40-49y,Wave 5,FALSE,7,18,0.028081123244929798
40-49y,Wave 5,FALSE,8,7,0.0109204368174727
40-49y,Wave 5,FALSE,9,7,0.0109204368174727
40-49y,Wave 5,FALSE,10,6,0.0093603744149766
40-49y,Wave 5,FALSE,11,3,0.0046801872074883
40-49y,Wave 5,FALSE,12,2,0.0031201248049922
40-49y,Wave 5,FALSE,13,1,0.0015600624024961
40-49y,Wave 5,FALSE,14,1,0.0015600624024961
40-49y,Wave 5,FALSE,15,1,0.0015600624024961
40-49y,Wave 5,FALSE,17,1,0.0015600624024961
40-49y,Wave 5,FALSE,30,1,0.0015600624024961
40-49y,Wave 5,TRUE,-6,1,7.535795026375283e-4
40-49y,Wave 5,TRUE,-4,3,0.002260738507912585
40-49y,Wave 5,TRUE,-3,5,0.0037678975131876413
40-49y,Wave 5,TRUE,-2,5,0.0037678975131876413
40-49y,Wave 5,TRUE,-1,17,0.01281085154483798
40-49y,Wave 5,TRUE,0,111,0.08364732479276564
40-49y,Wave 5,TRUE,1,284,0.21401657874905802
40-49y,Wave 5,TRUE,2,287,0.2162773172569706
40-49y,Wave 5,TRUE,3,237,0.1785983421250942
40-49y,Wave 5,TRUE,4,138,0.1039939713639789
40-49y,Wave 5,TRUE,5,82,0.06179351921627732
40-49y,Wave 5,TRUE,6,47,0.03541823662396383
40-49y,Wave 5,TRUE,7,35,0.02637528259231349
40-49y,Wave 5,TRUE,8,14,0.010550113036925395
40-49y,Wave 5,TRUE,9,15,0.011303692539562924
40-49y,Wave 5,TRUE,10,10,0.007535795026375283
40-49y,Wave 5,TRUE,11,9,0.006782215523737754
40-49y,Wave 5,TRUE,12,7,0.0052750565184626974
40-49y,Wave 5,TRUE,13,4,0.003014318010550113
40-49y,Wave 5,TRUE,14,4,0.003014318010550113
40-49y,Wave 5,TRUE,15,4,0.003014318010550113
40-49y,Wave 5,TRUE,16,4,0.003014318010550113
40-49y,Wave 5,TRUE,17,1,7.535795026375283e-4
40-49y,Wave 5,TRUE,22,1,7.535795026375283e-4
40-49y,Wave 5,TRUE,27,1,7.535795026375283e-4
40-49y,Wave 5,TRUE,30,1,7.535795026375283e-4
40-49y,Wave 6,FALSE,-2,1,0.008403361344537815
40-49y,Wave 6,FALSE,-1,2,0.01680672268907563
40-49y,Wave 6,FALSE,0,8,0.06722689075630252
40-49y,Wave 6,FALSE,1,26,0.2184873949579832
40-49y,Wave 6,FALSE,2,25,0.21008403361344538
40-49y,Wave 6,FALSE,3,14,0.11764705882352941
40-49y,Wave 6,FALSE,4,12,0.10084033613445378
40-49y,Wave 6,FALSE,5,7,0.058823529411764705
40-49y,Wave 6,FALSE,6,6,0.05042016806722689
40-49y,Wave 6,FALSE,7,4,0.03361344537815126
40-49y,Wave 6,FALSE,8,7,0.058823529411764705
40-49y,Wave 6,FALSE,9,2,0.01680672268907563
40-49y,Wave 6,FALSE,10,1,0.008403361344537815
40-49y,Wave 6,FALSE,11,2,0.01680672268907563
40-49y,Wave 6,FALSE,12,1,0.008403361344537815
40-49y,Wave 6,FALSE,13,1,0.008403361344537815
40-49y,Wave 6,TRUE,-4,1,0.002257336343115124
40-49y,Wave 6,TRUE,-2,2,0.004514672686230248
40-49y,Wave 6,TRUE,-1,3,0.006772009029345372
40-49y,Wave 6,TRUE,0,41,0.09255079006772009
40-49y,Wave 6,TRUE,1,96,0.21670428893905191
40-49y,Wave 6,TRUE,2,108,0.24379232505643342
40-49y,Wave 6,TRUE,3,54,0.12189616252821671
40-49y,Wave 6,TRUE,4,53,0.11963882618510158
40-49y,Wave 6,TRUE,5,33,0.0744920993227991
40-49y,Wave 6,TRUE,6,18,0.040632054176072234
40-49y,Wave 6,TRUE,7,5,0.011286681715575621
40-49y,Wave 6,TRUE,8,11,0.024830699774266364
40-49y,Wave 6,TRUE,9,6,0.013544018058690745
40-49y,Wave 6,TRUE,10,2,0.004514672686230248
40-49y,Wave 6,TRUE,11,3,0.006772009029345372
40-49y,Wave 6,TRUE,12,3,0.006772009029345372
40-49y,Wave 6,TRUE,13,1,0.002257336343115124
40-49y,Wave 6,TRUE,15,1,0.002257336343115124
40-49y,Wave 6,TRUE,17,1,0.002257336343115124
40-49y,Wave 6,TRUE,25,1,0.002257336343115124
40-49y,Wave 7,FALSE,0,6,0.11764705882352941
40-49y,Wave 7,FALSE,1,14,0.27450980392156865
40-49y,Wave 7,FALSE,2,17,0.3333333333333333
40-49y,Wave 7,FALSE,3,4,0.0784313725490196
40-49y,Wave 7,FALSE,4,2,0.0392156862745098
40-49y,Wave 7,FALSE,5,2,0.0392156862745098
40-49y,Wave 7,FALSE,6,2,0.0392156862745098
40-49y,Wave 7,FALSE,7,1,0.0196078431372549
40-49y,Wave 7,FALSE,8,2,0.0392156862745098
40-49y,Wave 7,FALSE,12,1,0.0196078431372549
40-49y,Wave 7,TRUE,0,20,0.18518518518518517
40-49y,Wave 7,TRUE,1,21,0.19444444444444445
40-49y,Wave 7,TRUE,2,27,0.25
40-49y,Wave 7,TRUE,3,12,0.1111111111111111
40-49y,Wave 7,TRUE,4,10,0.09259259259259259
40-49y,Wave 7,TRUE,5,7,0.06481481481481481
40-49y,Wave 7,TRUE,7,4,0.037037037037037035
40-49y,Wave 7,TRUE,8,2,0.018518518518518517
40-49y,Wave 7,TRUE,9,1,0.009259259259259259
40-49y,Wave 7,TRUE,10,1,0.009259259259259259
40-49y,Wave 7,TRUE,11,1,0.009259259259259259
40-49y,Wave 7,TRUE,13,1,0.009259259259259259
40-49y,Wave 7,TRUE,29,1,0.009259259259259259
50-59y,Wave 4,FALSE,-2,4,0.017777777777777778
50-59y,Wave 4,FALSE,-1,1,0.0044444444444444444
50-59y,Wave 4,FALSE,0,25,0.1111111111111111
50-59y,Wave 4,FALSE,1,46,0.20444444444444446
50-59y,Wave 4,FALSE,2,47,0.2088888888888889
50-59y,Wave 4,FALSE,3,24,0.10666666666666667
50-59y,Wave 4,FALSE,4,22,0.09777777777777778
50-59y,Wave 4,FALSE,5,12,0.05333333333333334
50-59y,Wave 4,FALSE,6,14,0.06222222222222222
50-59y,Wave 4,FALSE,7,10,0.044444444444444446
50-59y,Wave 4,FALSE,8,3,0.013333333333333334
50-59y,Wave 4,FALSE,9,4,0.017777777777777778
50-59y,Wave 4,FALSE,10,3,0.013333333333333334
50-59y,Wave 4,FALSE,11,2,0.008888888888888889
50-59y,Wave 4,FALSE,12,2,0.008888888888888889
50-59y,Wave 4,FALSE,13,1,0.0044444444444444444
50-59y,Wave 4,FALSE,14,1,0.0044444444444444444
50-59y,Wave 4,FALSE,15,2,0.008888888888888889
50-59y,Wave 4,FALSE,16,1,0.0044444444444444444
50-59y,Wave 4,FALSE,25,1,0.0044444444444444444
50-59y,Wave 4,TRUE,-4,2,0.0025348542458808617
50-59y,Wave 4,TRUE,-3,2,0.0025348542458808617
50-59y,Wave 4,TRUE,-2,2,0.0025348542458808617
50-59y,Wave 4,TRUE,-1,15,0.019011406844106463
50-59y,Wave 4,TRUE,0,98,0.12420785804816223
50-59y,Wave 4,TRUE,1,138,0.17490494296577946
50-59y,Wave 4,TRUE,2,153,0.19391634980988592
50-59y,Wave 4,TRUE,3,110,0.1394169835234474
50-59y,Wave 4,TRUE,4,82,0.10392902408111533
50-59y,Wave 4,TRUE,5,53,0.06717363751584284
50-59y,Wave 4,TRUE,6,46,0.058301647655259824
50-59y,Wave 4,TRUE,7,23,0.029150823827629912
50-59y,Wave 4,TRUE,8,19,0.024081115335868188
50-59y,Wave 4,TRUE,9,11,0.01394169835234474
50-59y,Wave 4,TRUE,10,6,0.0076045627376425855
50-59y,Wave 4,TRUE,11,13,0.016476552598225603
50-59y,Wave 4,TRUE,12,4,0.005069708491761723
50-59y,Wave 4,TRUE,13,4,0.005069708491761723
50-59y,Wave 4,TRUE,14,2,0.0025348542458808617
50-59y,Wave 4,TRUE,15,1,0.0012674271229404308
50-59y,Wave 4,TRUE,17,1,0.0012674271229404308
50-59y,Wave 4,TRUE,19,2,0.0025348542458808617
50-59y,Wave 4,TRUE,20,1,0.0012674271229404308
50-59y,Wave 4,TRUE,26,1,0.0012674271229404308
50-59y,Wave 5,FALSE,-4,1,0.0019342359767891683
50-59y,Wave 5,FALSE,-3,2,0.0038684719535783366
50-59y,Wave 5,FALSE,-2,2,0.0038684719535783366
50-59y,Wave 5,FALSE,-1,8,0.015473887814313346
50-59y,Wave 5,FALSE,0,60,0.11605415860735009
50-59y,Wave 5,FALSE,1,78,0.15087040618955513
50-59y,Wave 5,FALSE,2,99,0.19148936170212766
50-59y,Wave 5,FALSE,3,76,0.1470019342359768
50-59y,Wave 5,FALSE,4,69,0.13346228239845262
50-59y,Wave 5,FALSE,5,41,0.07930367504835589
50-59y,Wave 5,FALSE,6,15,0.029013539651837523
50-59y,Wave 5,FALSE,7,18,0.03481624758220503
50-59y,Wave 5,FALSE,8,8,0.015473887814313346
50-59y,Wave 5,FALSE,9,14,0.027079303675048357
50-59y,Wave 5,FALSE,10,8,0.015473887814313346
50-59y,Wave 5,FALSE,11,1,0.0019342359767891683
50-59y,Wave 5,FALSE,12,3,0.005802707930367505
50-59y,Wave 5,FALSE,13,1,0.0019342359767891683
50-59y,Wave 5,FALSE,14,2,0.0038684719535783366
50-59y,Wave 5,FALSE,15,4,0.007736943907156673
50-59y,Wave 5,FALSE,16,4,0.007736943907156673
50-59y,Wave 5,FALSE,17,1,0.0019342359767891683
50-59y,Wave 5,FALSE,20,2,0.0038684719535783366
50-59y,Wave 5,TRUE,-3,3,0.0029013539651837525
50-59y,Wave 5,TRUE,-2,8,0.007736943907156673
50-59y,Wave 5,TRUE,-1,13,0.012572533849129593
50-59y,Wave 5,TRUE,0,91,0.08800773694390715
50-59y,Wave 5,TRUE,1,223,0.21566731141199227
50-59y,Wave 5,TRUE,2,201,0.19439071566731142
50-59y,Wave 5,TRUE,3,169,0.16344294003868473
50-59y,Wave 5,TRUE,4,98,0.09477756286266925
50-59y,Wave 5,TRUE,5,94,0.09090909090909091
50-59y,Wave 5,TRUE,6,37,0.035783365570599614
50-59y,Wave 5,TRUE,7,33,0.031914893617021274
50-59y,Wave 5,TRUE,8,17,0.01644100580270793
50-59y,Wave 5,TRUE,9,12,0.01160541586073501
50-59y,Wave 5,TRUE,10,11,0.010638297872340425
50-59y,Wave 5,TRUE,11,4,0.0038684719535783366
50-59y,Wave 5,TRUE,12,4,0.0038684719535783366
50-59y,Wave 5,TRUE,13,4,0.0038684719535783366
50-59y,Wave 5,TRUE,14,2,0.0019342359767891683
50-59y,Wave 5,TRUE,15,3,0.0029013539651837525
50-59y,Wave 5,TRUE,17,1,9.671179883945841e-4
50-59y,Wave 5,TRUE,18,4,0.0038684719535783366
50-59y,Wave 5,TRUE,23,1,9.671179883945841e-4
50-59y,Wave 5,TRUE,27,1,9.671179883945841e-4
50-59y,Wave 6,FALSE,-1,1,0.01098901098901099
50-59y,Wave 6,FALSE,0,6,0.06593406593406594
50-59y,Wave 6,FALSE,1,16,0.17582417582417584
50-59y,Wave 6,FALSE,2,18,0.1978021978021978
50-59y,Wave 6,FALSE,3,11,0.12087912087912088
50-59y,Wave 6,FALSE,4,12,0.13186813186813187
50-59y,Wave 6,FALSE,5,3,0.03296703296703297
50-59y,Wave 6,FALSE,6,8,0.08791208791208792
50-59y,Wave 6,FALSE,7,8,0.08791208791208792
50-59y,Wave 6,FALSE,8,1,0.01098901098901099
50-59y,Wave 6,FALSE,10,1,0.01098901098901099
50-59y,Wave 6,FALSE,11,3,0.03296703296703297
50-59y,Wave 6,FALSE,13,1,0.01098901098901099
50-59y,Wave 6,FALSE,14,1,0.01098901098901099
50-59y,Wave 6,FALSE,17,1,0.01098901098901099
50-59y,Wave 6,TRUE,-16,1,0.0035087719298245615
50-59y,Wave 6,TRUE,-2,1,0.0035087719298245615
50-59y,Wave 6,TRUE,0,32,0.11228070175438597
50-59y,Wave 6,TRUE,1,68,0.23859649122807017
50-59y,Wave 6,TRUE,2,40,0.14035087719298245
50-59y,Wave 6,TRUE,3,53,0.18596491228070175
50-59y,Wave 6,TRUE,4,34,0.11929824561403508
50-59y,Wave 6,TRUE,5,23,0.08070175438596491
50-59y,Wave 6,TRUE,6,12,0.042105263157894736
50-59y,Wave 6,TRUE,7,7,0.02456140350877193
50-59y,Wave 6,TRUE,8,4,0.014035087719298246
50-59y,Wave 6,TRUE,9,3,0.010526315789473684
50-59y,Wave 6,TRUE,10,2,0.007017543859649123
50-59y,Wave 6,TRUE,12,3,0.010526315789473684
50-59y,Wave 6,TRUE,13,1,0.0035087719298245615
50-59y,Wave 6,TRUE,15,1,0.0035087719298245615
50-59y,Wave 7,FALSE,-2,1,0.008130081300813009
50-59y,Wave 7,FALSE,-1,1,0.008130081300813009
50-59y,Wave 7,FALSE,0,13,0.10569105691056911
50-59y,Wave 7,FALSE,1,29,0.23577235772357724
50-59y,Wave 7,FALSE,2,35,0.2845528455284553
50-59y,Wave 7,FALSE,3,16,0.13008130081300814
50-59y,Wave 7,FALSE,4,14,0.11382113821138211
50-59y,Wave 7,FALSE,5,4,0.032520325203252036
50-59y,Wave 7,FALSE,6,3,0.024390243902439025
50-59y,Wave 7,FALSE,7,2,0.016260162601626018
50-59y,Wave 7,FALSE,8,1,0.008130081300813009
50-59y,Wave 7,FALSE,9,2,0.016260162601626018
50-59y,Wave 7,FALSE,10,1,0.008130081300813009
50-59y,Wave 7,FALSE,12,1,0.008130081300813009
50-59y,Wave 7,TRUE,-4,1,0.0013869625520110957
50-59y,Wave 7,TRUE,-3,2,0.0027739251040221915
50-59y,Wave 7,TRUE,-2,1,0.0013869625520110957
50-59y,Wave 7,TRUE,-1,11,0.015256588072122053
50-59y,Wave 7,TRUE,0,90,0.12482662968099861
50-59y,Wave 7,TRUE,1,186,0.2579750346740638
50-59y,Wave 7,TRUE,2,166,0.2302357836338419
50-59y,Wave 7,TRUE,3,102,0.14147018030513175
50-59y,Wave 7,TRUE,4,49,0.06796116504854369
50-59y,Wave 7,TRUE,5,41,0.056865464632454926
50-59y,Wave 7,TRUE,6,26,0.036061026352288486
50-59y,Wave 7,TRUE,7,15,0.020804438280166437
50-59y,Wave 7,TRUE,8,9,0.012482662968099861
50-59y,Wave 7,TRUE,9,5,0.006934812760055479
50-59y,Wave 7,TRUE,10,7,0.009708737864077669
50-59y,Wave 7,TRUE,11,3,0.004160887656033287
50-59y,Wave 7,TRUE,14,2,0.0027739251040221915
50-59y,Wave 7,TRUE,15,1,0.0013869625520110957
50-59y,Wave 7,TRUE,16,2,0.0027739251040221915
50-59y,Wave 7,TRUE,17,1,0.0013869625520110957
50-59y,Wave 7,TRUE,22,1,0.0013869625520110957
60-69y,Wave 4,FALSE,-1,3,0.023809523809523808
60-69y,Wave 4,FALSE,0,11,0.0873015873015873
60-69y,Wave 4,FALSE,1,21,0.16666666666666666
60-69y,Wave 4,FALSE,2,25,0.1984126984126984
60-69y,Wave 4,FALSE,3,20,0.15873015873015872
60-69y,Wave 4,FALSE,4,14,0.1111111111111111
60-69y,Wave 4,FALSE,5,8,0.06349206349206349
60-69y,Wave 4,FALSE,6,6,0.047619047619047616
60-69y,Wave 4,FALSE,7,5,0.03968253968253968
60-69y,Wave 4,FALSE,8,2,0.015873015873015872
60-69y,Wave 4,FALSE,9,4,0.031746031746031744
60-69y,Wave 4,FALSE,10,5,0.03968253968253968
60-69y,Wave 4,FALSE,11,1,0.007936507936507936
60-69y,Wave 4,FALSE,22,1,0.007936507936507936
60-69y,Wave 4,TRUE,-5,1,0.0024752475247524753
60-69y,Wave 4,TRUE,-3,2,0.0049504950495049506
60-69y,Wave 4,TRUE,-2,2,0.0049504950495049506
60-69y,Wave 4,TRUE,-1,9,0.022277227722772276
60-69y,Wave 4,TRUE,0,38,0.09405940594059406
60-69y,Wave 4,TRUE,1,76,0.18811881188118812
60-69y,Wave 4,TRUE,2,58,0.14356435643564355
60-69y,Wave 4,TRUE,3,61,0.15099009900990099
60-69y,Wave 4,TRUE,4,51,0.12623762376237624
60-69y,Wave 4,TRUE,5,25,0.06188118811881188
60-69y,Wave 4,TRUE,6,17,0.04207920792079208
60-69y,Wave 4,TRUE,7,19,0.04702970297029703
60-69y,Wave 4,TRUE,8,12,0.0297029702970297
60-69y,Wave 4,TRUE,9,6,0.01485148514851485
60-69y,Wave 4,TRUE,10,8,0.019801980198019802
60-69y,Wave 4,TRUE,11,4,0.009900990099009901
60-69y,Wave 4,TRUE,12,5,0.012376237623762377
60-69y,Wave 4,TRUE,13,3,0.007425742574257425
60-69y,Wave 4,TRUE,14,3,0.007425742574257425
60-69y,Wave 4,TRUE,15,2,0.0049504950495049506
60-69y,Wave 4,TRUE,16,1,0.0024752475247524753
60-69y,Wave 4,TRUE,19,1,0.0024752475247524753
60-69y,Wave 5,FALSE,-5,1,0.002976190476190476
60-69y,Wave 5,FALSE,-4,1,0.002976190476190476
60-69y,Wave 5,FALSE,-2,5,0.01488095238095238
60-69y,Wave 5,FALSE,-1,4,0.011904761904761904
60-69y,Wave 5,FALSE,0,31,0.09226190476190477
60-69y,Wave 5,FALSE,1,59,0.17559523809523808
60-69y,Wave 5,FALSE,2,62,0.18452380952380953
60-69y,Wave 5,FALSE,3,58,0.17261904761904762
60-69y,Wave 5,FALSE,4,36,0.10714285714285714
60-69y,Wave 5,FALSE,5,26,0.07738095238095238
60-69y,Wave 5,FALSE,6,14,0.041666666666666664
60-69y,Wave 5,FALSE,7,16,0.047619047619047616
60-69y,Wave 5,FALSE,8,3,0.008928571428571428
60-69y,Wave 5,FALSE,9,6,0.017857142857142856
60-69y,Wave 5,FALSE,10,3,0.008928571428571428
60-69y,Wave 5,FALSE,11,2,0.005952380952380952
60-69y,Wave 5,FALSE,12,2,0.005952380952380952
60-69y,Wave 5,FALSE,13,2,0.005952380952380952
60-69y,Wave 5,FALSE,14,2,0.005952380952380952
60-69y,Wave 5,FALSE,18,3,0.008928571428571428
60-69y,Wave 5,TRUE,-2,2,0.002797202797202797
60-69y,Wave 5,TRUE,-1,7,0.009790209790209791
60-69y,Wave 5,TRUE,0,71,0.0993006993006993
60-69y,Wave 5,TRUE,1,118,0.16503496503496504
60-69y,Wave 5,TRUE,2,143,0.2
60-69y,Wave 5,TRUE,3,126,0.17622377622377622
60-69y,Wave 5,TRUE,4,69,0.0965034965034965
60-69y,Wave 5,TRUE,5,47,0.06573426573426573
60-69y,Wave 5,TRUE,6,37,0.05174825174825175
60-69y,Wave 5,TRUE,7,23,0.032167832167832165
60-69y,Wave 5,TRUE,8,23,0.032167832167832165
60-69y,Wave 5,TRUE,9,17,0.023776223776223775
60-69y,Wave 5,TRUE,10,7,0.009790209790209791
60-69y,Wave 5,TRUE,11,12,0.016783216783216783
60-69y,Wave 5,TRUE,12,4,0.005594405594405594
60-69y,Wave 5,TRUE,13,2,0.002797202797202797
60-69y,Wave 5,TRUE,14,1,0.0013986013986013986
60-69y,Wave 5,TRUE,15,2,0.002797202797202797
60-69y,Wave 5,TRUE,17,1,0.0013986013986013986
60-69y,Wave 5,TRUE,20,1,0.0013986013986013986
60-69y,Wave 5,TRUE,24,1,0.0013986013986013986
60-69y,Wave 5,TRUE,26,1,0.0013986013986013986
60-69y,Wave 6,FALSE,-1,2,0.02631578947368421
60-69y,Wave 6,FALSE,0,5,0.06578947368421052
60-69y,Wave 6,FALSE,1,12,0.15789473684210525
60-69y,Wave 6,FALSE,2,10,0.13157894736842105
60-69y,Wave 6,FALSE,3,6,0.07894736842105263
60-69y,Wave 6,FALSE,4,9,0.11842105263157894
60-69y,Wave 6,FALSE,5,4,0.05263157894736842
60-69y,Wave 6,FALSE,6,5,0.06578947368421052
60-69y,Wave 6,FALSE,7,2,0.02631578947368421
60-69y,Wave 6,FALSE,8,2,0.02631578947368421
60-69y,Wave 6,FALSE,9,7,0.09210526315789473
60-69y,Wave 6,FALSE,10,3,0.039473684210526314
60-69y,Wave 6,FALSE,11,6,0.07894736842105263
60-69y,Wave 6,FALSE,12,1,0.013157894736842105
60-69y,Wave 6,FALSE,16,1,0.013157894736842105
60-69y,Wave 6,FALSE,22,1,0.013157894736842105
60-69y,Wave 6,TRUE,-15,1,0.00546448087431694
60-69y,Wave 6,TRUE,-4,2,0.01092896174863388
60-69y,Wave 6,TRUE,-3,1,0.00546448087431694
60-69y,Wave 6,TRUE,-2,2,0.01092896174863388
60-69y,Wave 6,TRUE,-1,4,0.02185792349726776
60-69y,Wave 6,TRUE,0,25,0.1366120218579235
60-69y,Wave 6,TRUE,1,33,0.18032786885245902
60-69y,Wave 6,TRUE,2,27,0.14754098360655737
60-69y,Wave 6,TRUE,3,25,0.1366120218579235
60-69y,Wave 6,TRUE,4,23,0.12568306010928962
60-69y,Wave 6,TRUE,5,18,0.09836065573770492
60-69y,Wave 6,TRUE,6,4,0.02185792349726776
60-69y,Wave 6,TRUE,7,6,0.03278688524590164
60-69y,Wave 6,TRUE,8,3,0.01639344262295082
60-69y,Wave 6,TRUE,9,3,0.01639344262295082
60-69y,Wave 6,TRUE,10,2,0.01092896174863388
60-69y,Wave 6,TRUE,11,2,0.01092896174863388
60-69y,Wave 6,TRUE,13,1,0.00546448087431694
60-69y,Wave 6,TRUE,15,1,0.00546448087431694
60-69y,Wave 7,FALSE,-3,2,0.01694915254237288
60-69y,Wave 7,FALSE,-1,2,0.01694915254237288
60-69y,Wave 7,FALSE,0,15,0.1271186440677966
60-69y,Wave 7,FALSE,1,27,0.2288135593220339
60-69y,Wave 7,FALSE,2,27,0.2288135593220339
60-69y,Wave 7,FALSE,3,16,0.13559322033898305
60-69y,Wave 7,FALSE,4,9,0.07627118644067797
60-69y,Wave 7,FALSE,5,4,0.03389830508474576
60-69y,Wave 7,FALSE,6,3,0.025423728813559324
60-69y,Wave 7,FALSE,7,2,0.01694915254237288
60-69y,Wave 7,FALSE,8,2,0.01694915254237288
60-69y,Wave 7,FALSE,9,1,0.00847457627118644
60-69y,Wave 7,FALSE,10,1,0.00847457627118644
60-69y,Wave 7,FALSE,11,2,0.01694915254237288
60-69y,Wave 7,FALSE,12,1,0.00847457627118644
60-69y,Wave 7,FALSE,13,1,0.00847457627118644
60-69y,Wave 7,FALSE,16,1,0.00847457627118644
60-69y,Wave 7,FALSE,21,1,0.00847457627118644
60-69y,Wave 7,FALSE,24,1,0.00847457627118644
60-69y,Wave 7,TRUE,-17,1,0.001652892561983471
60-69y,Wave 7,TRUE,-8,1,0.001652892561983471
60-69y,Wave 7,TRUE,-4,1,0.001652892561983471
60-69y,Wave 7,TRUE,-2,2,0.003305785123966942
60-69y,Wave 7,TRUE,-1,3,0.0049586776859504135
60-69y,Wave 7,TRUE,0,59,0.09752066115702479
60-69y,Wave 7,TRUE,1,158,0.2611570247933884
60-69y,Wave 7,TRUE,2,140,0.23140495867768596
60-69y,Wave 7,TRUE,3,94,0.15537190082644628
60-69y,Wave 7,TRUE,4,33,0.05454545454545454
60-69y,Wave 7,TRUE,5,28,0.04628099173553719
60-69y,Wave 7,TRUE,6,16,0.026446280991735537
60-69y,Wave 7,TRUE,7,21,0.03471074380165289
60-69y,Wave 7,TRUE,8,13,0.021487603305785124
60-69y,Wave 7,TRUE,9,10,0.01652892561983471
60-69y,Wave 7,TRUE,10,3,0.0049586776859504135
60-69y,Wave 7,TRUE,11,5,0.008264462809917356
60-69y,Wave 7,TRUE,12,4,0.006611570247933884
60-69y,Wave 7,TRUE,13,2,0.003305785123966942
60-69y,Wave 7,TRUE,14,6,0.009917355371900827
60-69y,Wave 7,TRUE,15,2,0.003305785123966942
60-69y,Wave 7,TRUE,16,1,0.001652892561983471
60-69y,Wave 7,TRUE,17,1,0.001652892561983471
60-69y,Wave 7,TRUE,19,1,0.001652892561983471
70-79y,Wave 4,FALSE,0,4,0.08333333333333333
70-79y,Wave 4,FALSE,1,8,0.16666666666666666
70-79y,Wave 4,FALSE,2,9,0.1875
70-79y,Wave 4,FALSE,3,6,0.125
70-79y,Wave 4,FALSE,4,4,0.08333333333333333
70-79y,Wave 4,FALSE,5,4,0.08333333333333333
70-79y,Wave 4,FALSE,6,1,0.020833333333333332
70-79y,Wave 4,FALSE,7,4,0.08333333333333333
70-79y,Wave 4,FALSE,8,2,0.041666666666666664
70-79y,Wave 4,FALSE,9,1,0.020833333333333332
70-79y,Wave 4,FALSE,11,2,0.041666666666666664
70-79y,Wave 4,FALSE,12,1,0.020833333333333332
70-79y,Wave 4,FALSE,14,1,0.020833333333333332
70-79y,Wave 4,FALSE,16,1,0.020833333333333332
70-79y,Wave 4,TRUE,-1,2,0.017241379310344827
70-79y,Wave 4,TRUE,0,18,0.15517241379310345
70-79y,Wave 4,TRUE,1,14,0.1206896551724138
70-79y,Wave 4,TRUE,2,26,0.22413793103448276
70-79y,Wave 4,TRUE,3,14,0.1206896551724138
70-79y,Wave 4,TRUE,4,18,0.15517241379310345
70-79y,Wave 4,TRUE,5,7,0.0603448275862069
70-79y,Wave 4,TRUE,6,3,0.02586206896551724
70-79y,Wave 4,TRUE,7,10,0.08620689655172414
70-79y,Wave 4,TRUE,8,2,0.017241379310344827
70-79y,Wave 4,TRUE,9,1,0.008620689655172414
70-79y,Wave 4,TRUE,10,1,0.008620689655172414
70-79y,Wave 5,FALSE,-3,1,0.005263157894736842
70-79y,Wave 5,FALSE,-2,5,0.02631578947368421
70-79y,Wave 5,FALSE,-1,1,0.005263157894736842
70-79y,Wave 5,FALSE,0,18,0.09473684210526316
70-79y,Wave 5,FALSE,1,39,0.20526315789473684
70-79y,Wave 5,FALSE,2,33,0.1736842105263158
70-79y,Wave 5,FALSE,3,22,0.11578947368421053
70-79y,Wave 5,FALSE,4,21,0.11052631578947368
70-79y,Wave 5,FALSE,5,11,0.05789473684210526
70-79y,Wave 5,FALSE,6,12,0.06315789473684211
70-79y,Wave 5,FALSE,7,8,0.042105263157894736
70-79y,Wave 5,FALSE,8,4,0.021052631578947368
70-79y,Wave 5,FALSE,9,2,0.010526315789473684
70-79y,Wave 5,FALSE,10,3,0.015789473684210527
70-79y,Wave 5,FALSE,11,2,0.010526315789473684
70-79y,Wave 5,FALSE,13,1,0.005263157894736842
70-79y,Wave 5,FALSE,14,1,0.005263157894736842
70-79y,Wave 5,FALSE,15,2,0.010526315789473684
70-79y,Wave 5,FALSE,17,2,0.010526315789473684
70-79y,Wave 5,FALSE,19,1,0.005263157894736842
70-79y,Wave 5,FALSE,24,1,0.005263157894736842
70-79y,Wave 5,TRUE,-12,1,0.0026109660574412533
70-79y,Wave 5,TRUE,-4,1,0.0026109660574412533
70-79y,Wave 5,TRUE,-3,3,0.007832898172323759
70-79y,Wave 5,TRUE,-2,3,0.007832898172323759
70-79y,Wave 5,TRUE,-1,10,0.02610966057441253
70-79y,Wave 5,TRUE,0,36,0.09399477806788512
70-79y,Wave 5,TRUE,1,60,0.1566579634464752
70-79y,Wave 5,TRUE,2,65,0.16971279373368145
70-79y,Wave 5,TRUE,3,62,0.1618798955613577
70-79y,Wave 5,TRUE,4,49,0.1279373368146214
70-79y,Wave 5,TRUE,5,25,0.06527415143603134
70-79y,Wave 5,TRUE,6,17,0.044386422976501305
70-79y,Wave 5,TRUE,7,14,0.03655352480417755
70-79y,Wave 5,TRUE,8,5,0.013054830287206266
70-79y,Wave 5,TRUE,9,6,0.015665796344647518
70-79y,Wave 5,TRUE,10,5,0.013054830287206266
70-79y,Wave 5,TRUE,11,3,0.007832898172323759
70-79y,Wave 5,TRUE,12,3,0.007832898172323759
70-79y,Wave 5,TRUE,13,2,0.005221932114882507
70-79y,Wave 5,TRUE,14,3,0.007832898172323759
70-79y,Wave 5,TRUE,15,3,0.007832898172323759
70-79y,Wave 5,TRUE,16,1,0.0026109660574412533
70-79y,Wave 5,TRUE,17,1,0.0026109660574412533
70-79y,Wave 5,TRUE,18,2,0.005221932114882507
70-79y,Wave 5,TRUE,20,1,0.0026109660574412533
70-79y,Wave 5,TRUE,21,1,0.0026109660574412533
70-79y,Wave 5,TRUE,29,1,0.0026109660574412533
70-79y,Wave 6,FALSE,0,8,0.2
70-79y,Wave 6,FALSE,1,3,0.075
70-79y,Wave 6,FALSE,2,8,0.2
70-79y,Wave 6,FALSE,3,9,0.225
70-79y,Wave 6,FALSE,4,1,0.025
70-79y,Wave 6,FALSE,5,2,0.05
70-79y,Wave 6,FALSE,6,1,0.025
70-79y,Wave 6,FALSE,7,2,0.05
70-79y,Wave 6,FALSE,8,3,0.075
70-79y,Wave 6,FALSE,9,1,0.025
70-79y,Wave 6,FALSE,10,1,0.025
70-79y,Wave 6,FALSE,11,1,0.025
70-79y,Wave 6,TRUE,-10,1,0.008333333333333333
70-79y,Wave 6,TRUE,-3,1,0.008333333333333333
70-79y,Wave 6,TRUE,-2,1,0.008333333333333333
70-79y,Wave 6,TRUE,-1,1,0.008333333333333333
70-79y,Wave 6,TRUE,0,10,0.08333333333333333
70-79y,Wave 6,TRUE,1,26,0.21666666666666667
70-79y,Wave 6,TRUE,2,23,0.19166666666666668
70-79y,Wave 6,TRUE,3,13,0.10833333333333334
70-79y,Wave 6,TRUE,4,12,0.1
70-79y,Wave 6,TRUE,5,9,0.075
70-79y,Wave 6,TRUE,6,4,0.03333333333333333
70-79y,Wave 6,TRUE,7,5,0.041666666666666664
70-79y,Wave 6,TRUE,8,4,0.03333333333333333
70-79y,Wave 6,TRUE,9,2,0.016666666666666666
70-79y,Wave 6,TRUE,10,3,0.025
70-79y,Wave 6,TRUE,11,1,0.008333333333333333
70-79y,Wave 6,TRUE,12,1,0.008333333333333333
70-79y,Wave 6,TRUE,14,1,0.008333333333333333
70-79y,Wave 6,TRUE,25,1,0.008333333333333333
70-79y,Wave 6,TRUE,26,1,0.008333333333333333
70-79y,Wave 7,FALSE,0,10,0.125
70-79y,Wave 7,FALSE,1,19,0.2375
70-79y,Wave 7,FALSE,2,10,0.125
70-79y,Wave 7,FALSE,3,6,0.075
70-79y,Wave 7,FALSE,4,14,0.175
70-79y,Wave 7,FALSE,5,10,0.125
70-79y,Wave 7,FALSE,6,3,0.0375
70-79y,Wave 7,FALSE,7,4,0.05
70-79y,Wave 7,FALSE,10,1,0.0125
70-79y,Wave 7,FALSE,11,1,0.0125
70-79y,Wave 7,FALSE,13,1,0.0125
70-79y,Wave 7,FALSE,19,1,0.0125
70-79y,Wave 7,TRUE,-3,1,0.0026246719160104987
70-79y,Wave 7,TRUE,-2,1,0.0026246719160104987
70-79y,Wave 7,TRUE,-1,4,0.010498687664041995
70-79y,Wave 7,TRUE,0,39,0.10236220472440945
70-79y,Wave 7,TRUE,1,82,0.2152230971128609
70-79y,Wave 7,TRUE,2,97,0.2545931758530184
70-79y,Wave 7,TRUE,3,62,0.16272965879265092
70-79y,Wave 7,TRUE,4,26,0.06824146981627296
70-79y,Wave 7,TRUE,5,16,0.04199475065616798
70-79y,Wave 7,TRUE,6,11,0.028871391076115485
70-79y,Wave 7,TRUE,7,8,0.02099737532808399
70-79y,Wave 7,TRUE,8,9,0.023622047244094488
70-79y,Wave 7,TRUE,9,1,0.0026246719160104987
70-79y,Wave 7,TRUE,10,5,0.013123359580052493
70-79y,Wave 7,TRUE,11,4,0.010498687664041995
70-79y,Wave 7,TRUE,12,7,0.01837270341207349
70-79y,Wave 7,TRUE,13,3,0.007874015748031496
70-79y,Wave 7,TRUE,14,1,0.0026246719160104987
70-79y,Wave 7,TRUE,15,2,0.005249343832020997
70-79y,Wave 7,TRUE,20,1,0.0026246719160104987
70-79y,Wave 7,TRUE,28,1,0.0026246719160104987
80y+,Wave 4,FALSE,-1,1,0.08333333333333333
80y+,Wave 4,FALSE,0,3,0.25
80y+,Wave 4,FALSE,3,1,0.08333333333333333
80y+,Wave 4,FALSE,4,1,0.08333333333333333
80y+,Wave 4,FALSE,8,1,0.08333333333333333
80y+,Wave 4,FALSE,9,2,0.16666666666666666
80y+,Wave 4,FALSE,11,1,0.08333333333333333
80y+,Wave 4,FALSE,13,1,0.08333333333333333
80y+,Wave 4,FALSE,16,1,0.08333333333333333
80y+,Wave 4,TRUE,-3,1,0.019230769230769232
80y+,Wave 4,TRUE,-1,2,0.038461538461538464
80y+,Wave 4,TRUE,0,8,0.15384615384615385
80y+,Wave 4,TRUE,1,7,0.1346153846153846
80y+,Wave 4,TRUE,2,7,0.1346153846153846
80y+,Wave 4,TRUE,3,7,0.1346153846153846
80y+,Wave 4,TRUE,4,3,0.057692307692307696
80y+,Wave 4,TRUE,5,4,0.07692307692307693
80y+,Wave 4,TRUE,6,5,0.09615384615384616
80y+,Wave 4,TRUE,7,2,0.038461538461538464
80y+,Wave 4,TRUE,8,1,0.019230769230769232
80y+,Wave 4,TRUE,9,1,0.019230769230769232
80y+,Wave 4,TRUE,10,2,0.038461538461538464
80y+,Wave 4,TRUE,13,1,0.019230769230769232
80y+,Wave 4,TRUE,17,1,0.019230769230769232
80y+,Wave 5,FALSE,-3,1,0.01098901098901099
80y+,Wave 5,FALSE,-2,5,0.054945054945054944
80y+,Wave 5,FALSE,-1,9,0.0989010989010989
80y+,Wave 5,FALSE,0,15,0.16483516483516483
80y+,Wave 5,FALSE,1,9,0.0989010989010989
80y+,Wave 5,FALSE,2,8,0.08791208791208792
80y+,Wave 5,FALSE,3,14,0.15384615384615385
80y+,Wave 5,FALSE,4,8,0.08791208791208792
80y+,Wave 5,FALSE,5,7,0.07692307692307693
80y+,Wave 5,FALSE,6,3,0.03296703296703297
80y+,Wave 5,FALSE,7,5,0.054945054945054944
80y+,Wave 5,FALSE,8,3,0.03296703296703297
80y+,Wave 5,FALSE,10,1,0.01098901098901099
80y+,Wave 5,FALSE,13,2,0.02197802197802198
80y+,Wave 5,FALSE,25,1,0.01098901098901099
80y+,Wave 5,TRUE,-5,1,0.005555555555555556
80y+,Wave 5,TRUE,-4,1,0.005555555555555556
80y+,Wave 5,TRUE,-3,2,0.011111111111111112
80y+,Wave 5,TRUE,-2,4,0.022222222222222223
80y+,Wave 5,TRUE,-1,3,0.016666666666666666
80y+,Wave 5,TRUE,0,25,0.1388888888888889
80y+,Wave 5,TRUE,1,22,0.12222222222222222
80y+,Wave 5,TRUE,2,30,0.16666666666666666
80y+,Wave 5,TRUE,3,19,0.10555555555555556
80y+,Wave 5,TRUE,4,16,0.08888888888888889
80y+,Wave 5,TRUE,5,16,0.08888888888888889
80y+,Wave 5,TRUE,6,6,0.03333333333333333
80y+,Wave 5,TRUE,7,6,0.03333333333333333
80y+,Wave 5,TRUE,8,4,0.022222222222222223
80y+,Wave 5,TRUE,9,10,0.05555555555555555
80y+,Wave 5,TRUE,10,2,0.011111111111111112
80y+,Wave 5,TRUE,11,4,0.022222222222222223
80y+,Wave 5,TRUE,13,4,0.022222222222222223
80y+,Wave 5,TRUE,14,1,0.005555555555555556
80y+,Wave 5,TRUE,15,1,0.005555555555555556
80y+,Wave 5,TRUE,16,1,0.005555555555555556
80y+,Wave 5,TRUE,17,1,0.005555555555555556
80y+,Wave 5,TRUE,22,1,0.005555555555555556
80y+,Wave 6,FALSE,-1,2,0.08333333333333333
80y+,Wave 6,FALSE,0,5,0.20833333333333334
80y+,Wave 6,FALSE,1,3,0.125
80y+,Wave 6,FALSE,2,3,0.125
80y+,Wave 6,FALSE,3,3,0.125
80y+,Wave 6,FALSE,4,2,0.08333333333333333
80y+,Wave 6,FALSE,5,2,0.08333333333333333
80y+,Wave 6,FALSE,6,1,0.041666666666666664
80y+,Wave 6,FALSE,7,1,0.041666666666666664
80y+,Wave 6,FALSE,8,1,0.041666666666666664
80y+,Wave 6,FALSE,20,1,0.041666666666666664
80y+,Wave 6,TRUE,-1,2,0.05405405405405406
80y+,Wave 6,TRUE,0,3,0.08108108108108109
80y+,Wave 6,TRUE,1,3,0.08108108108108109
80y+,Wave 6,TRUE,2,7,0.1891891891891892
80y+,Wave 6,TRUE,3,6,0.16216216216216217
80y+,Wave 6,TRUE,4,1,0.02702702702702703
80y+,Wave 6,TRUE,5,7,0.1891891891891892
80y+,Wave 6,TRUE,6,2,0.05405405405405406
80y+,Wave 6,TRUE,7,1,0.02702702702702703
80y+,Wave 6,TRUE,8,1,0.02702702702702703
80y+,Wave 6,TRUE,10,1,0.02702702702702703
80y+,Wave 6,TRUE,11,1,0.02702702702702703
80y+,Wave 6,TRUE,15,1,0.02702702702702703
80y+,Wave 6,TRUE,20,1,0.02702702702702703
80y+,Wave 7,FALSE,-2,1,0.024390243902439025
80y+,Wave 7,FALSE,0,11,0.2682926829268293
80y+,Wave 7,FALSE,1,9,0.21951219512195122
80y+,Wave 7,FALSE,2,10,0.24390243902439024
80y+,Wave 7,FALSE,3,3,0.07317073170731707
80y+,Wave 7,FALSE,4,1,0.024390243902439025
80y+,Wave 7,FALSE,5,1,0.024390243902439025
80y+,Wave 7,FALSE,6,1,0.024390243902439025
80y+,Wave 7,FALSE,7,2,0.04878048780487805
80y+,Wave 7,FALSE,8,1,0.024390243902439025
80y+,Wave 7,FALSE,9,1,0.024390243902439025
80y+,Wave 7,TRUE,-3,1,0.007936507936507936
80y+,Wave 7,TRUE,-2,1,0.007936507936507936
80y+,Wave 7,TRUE,-1,7,0.05555555555555555
80y+,Wave 7,TRUE,0,19,0.15079365079365079
80y+,Wave 7,TRUE,1,19,0.15079365079365079
80y+,Wave 7,TRUE,2,22,0.1746031746031746
80y+,Wave 7,TRUE,3,16,0.12698412698412698
80y+,Wave 7,TRUE,4,9,0.07142857142857142
80y+,Wave 7,TRUE,5,3,0.023809523809523808
80y+,Wave 7,TRUE,6,2,0.015873015873015872
80y+,Wave 7,TRUE,7,8,0.06349206349206349
80y+,Wave 7,TRUE,8,1,0.007936507936507936
80y+,Wave 7,TRUE,9,2,0.015873015873015872
80y+,Wave 7,TRUE,10,1,0.007936507936507936
80y+,Wave 7,TRUE,11,3,0.023809523809523808
80y+,Wave 7,TRUE,12,3,0.023809523809523808
80y+,Wave 7,TRUE,13,2,0.015873015873015872
80y+,Wave 7,TRUE,15,1,0.007936507936507936
80y+,Wave 7,TRUE,17,2,0.015873015873015872
80y+,Wave 7,TRUE,18,1,0.007936507936507936
80y+,Wave 7,TRUE,19,1,0.007936507936507936
80y+,Wave 7,TRUE,20,1,0.007936507936507936
80y+,Wave 7,TRUE,24,1,0.007936507936507936
