region_1,region_2,n_1_before_2,n_1_2_tot,prop_1_before_2,lower_prop,upper_prop,i_wave,lower_prop_bootstrap,upper_prop_bootstrap
North Central,North Puget Sound,61,113,0.5398230088495575,0.44379360985289357,0.6331098581969999,1,0.45132743362831856,0.6283185840707964
North Central,Northeast,5,9,0.5555555555555556,0.22652922988939753,0.8465694424914205,1,0.2222222222222222,0.8888888888888888
North Central,Northwest,11,14,0.7857142857142857,0.4881622109201552,0.9429364835445159,1,0.5714285714285714,1
North Central,Peninsula/Coastal,2,3,0.6666666666666666,0.1253344719102632,0.9823472057213466,1,0,1
North Central,South Central,99,269,0.3680297397769517,0.3108604174648333,0.42903414480181223,1,0.31226765799256506,0.4275092936802974
North Central,South Puget Sound,4,18,0.2222222222222222,0.07372310219721734,0.48081385389194586,1,0.05555555555555555,0.4444444444444444
North Central,Southeast,93,115,0.808695652173913,0.7225119304093269,0.8737468823691515,1,0.7304347826086957,0.8782608695652174
North Puget Sound,North Central,52,113,0.46017699115044247,0.3668901418029999,0.5562063901471063,1,0.37168141592920356,0.5486725663716814
North Puget Sound,Northeast,1375,1617,0.8503401360544217,0.8317996966124594,0.8671904719522417,1,0.8324056895485467,0.8676561533704391
North Puget Sound,Northwest,1699,2713,0.6262440103206782,0.6076867339046692,0.6444406716797707,1,0.6081736085514192,0.6443051971986731
North Puget Sound,Peninsula/Coastal,210,273,0.7692307692307693,0.7137828687025524,0.8169358281138022,1,0.717948717948718,0.8168498168498168
North Puget Sound,South Central,4193,6232,0.6728177150192555,0.6609847281472983,0.6844363144692985,1,0.6611039794608472,0.6845314505776636
North Puget Sound,South Puget Sound,19690,33031,0.5961066876570494,0.5907890944691826,0.6014018653630563,1,0.590808634313221,0.6013441918198056
North Puget Sound,Southeast,131,165,0.793939393939394,0.7225949244327358,0.8512631350301416,1,0.7333333333333333,0.8545454545454545
North Puget Sound,Southwest,214,492,0.4349593495934959,0.39082809247615286,0.48012168016335044,1,0.3902439024390244,0.4796747967479675
Northeast,North Central,4,9,0.4444444444444444,0.1534305575085795,0.7734707701106025,1,0.1111111111111111,0.7777777777777778
Northeast,North Puget Sound,242,1617,0.14965986394557823,0.1328095280477581,0.1682003033875406,1,0.13234384662956092,0.16759431045145332
Northeast,Northwest,20,29,0.6896551724137931,0.49046877199221905,0.8402430090108474,1,0.5172413793103449,0.8620689655172413
Northeast,Peninsula/Coastal,9,13,0.6923076923076923,0.38884902066574384,0.896414789896713,1,0.46153846153846156,0.9230769230769231
Northeast,South Central,162,342,0.47368421052631576,0.41991501271417403,0.5280540785197281,1,0.42105263157894735,0.5263157894736842
Northeast,South Puget Sound,54,326,0.1656441717791411,0.12786099867522505,0.21150830547960844,1,0.12576687116564417,0.20552147239263804
Northeast,Southeast,43,74,0.581081081081081,0.4607551847008864,0.6929355853786271,1,0.47297297297297297,0.6891891891891891
Northeast,Southwest,11,16,0.6875,0.4148346333847325,0.8787128149563824,1,0.4375,0.875
Northwest,North Central,3,14,0.21428571428571427,0.05706351645548419,0.5118377890798449,1,0,0.42857142857142855
Northwest,North Puget Sound,1014,2713,0.3737559896793218,0.3555593283202292,0.39231326609533074,1,0.3556948028013269,0.392185772207888
Northwest,Northeast,9,29,0.3103448275862069,0.1597569909891527,0.509531228007781,1,0.13793103448275862,0.4827586206896552
Northwest,Peninsula/Coastal,8,14,0.5714285714285714,0.2964815283342476,0.8118636579300715,1,0.2857142857142857,0.7857142857142857
Northwest,South Central,220,297,0.7407407407407407,0.6862870065109622,0.788840466093526,1,0.6902356902356902,0.7912457912457912
Northwest,South Puget Sound,128,422,0.3033175355450237,0.26026878263093634,0.35001013047866064,1,0.26066350710900477,0.34834123222748814
Northwest,Southeast,24,41,0.5853658536585366,0.4219971470982576,0.7329785070315227,1,0.43902439024390244,0.7317073170731707
Northwest,Southwest,4,9,0.4444444444444444,0.1534305575085795,0.7734707701106025,1,0.1111111111111111,0.7777777777777778
Peninsula/Coastal,North Central,1,3,0.3333333333333333,0.0176527942786535,0.8746655280897367,1,0,1
Peninsula/Coastal,North Puget Sound,63,273,0.23076923076923078,0.18306417188619795,0.2862171312974477,1,0.18315018315018314,0.28205128205128205
Peninsula/Coastal,Northeast,4,13,0.3076923076923077,0.10358521010328697,0.6111509793342561,1,0.07692307692307693,0.5384615384615384
Peninsula/Coastal,Northwest,6,14,0.42857142857142855,0.1881363420699285,0.7035184716657525,1,0.21428571428571427,0.7142857142857143
Peninsula/Coastal,South Central,20,36,0.5555555555555556,0.3828803524444778,0.716646426424926,1,0.3888888888888889,0.7222222222222222
Peninsula/Coastal,South Puget Sound,38,86,0.4418604651162791,0.3362035455828988,0.5527586646561556,1,0.3372093023255814,0.5465116279069767
Peninsula/Coastal,Southeast,5,7,0.7142857142857143,0.30256002981392766,0.948875693954224,1,0.42857142857142855,1
Peninsula/Coastal,Southwest,3,9,0.3333333333333333,0.09041825651928474,0.6908238976957636,1,0,0.6666666666666666
South Central,North Central,170,269,0.6319702602230484,0.5709658551981879,0.6891395825351667,1,0.5724907063197026,0.6877323420074349
South Central,North Puget Sound,2039,6232,0.32718228498074453,0.31556368553070135,0.33901527185270175,1,0.31562901155327344,0.33889602053915274
South Central,Northeast,180,342,0.5263157894736842,0.47194592148027187,0.580084987285826,1,0.47368421052631576,0.5789473684210527
South Central,Northwest,77,297,0.25925925925925924,0.21115953390647407,0.3137129934890377,1,0.20875420875420875,0.30976430976430974
South Central,Peninsula/Coastal,16,36,0.4444444444444444,0.28335357357507385,0.6171196475555222,1,0.2777777777777778,0.6111111111111112
South Central,South Puget Sound,434,1384,0.31358381502890176,0.2893327714055611,0.33888206386562675,1,0.28901734104046245,0.33815028901734107
South Central,Southeast,108,191,0.5654450261780105,0.4919274591091878,0.6362868589515589,1,0.4973821989528796,0.6335078534031413
South Central,Southwest,52,59,0.8813559322033898,0.7646329760633062,0.9469974425362305,1,0.7966101694915254,0.9491525423728814
South Puget Sound,North Central,14,18,0.7777777777777778,0.5191861461080541,0.9262768978027827,1,0.5555555555555556,0.9444444444444444
South Puget Sound,North Puget Sound,13341,33031,0.40389331234295056,0.39859813463694366,0.4092109055308174,1,0.398595258999122,0.4092216402773152
South Puget Sound,Northeast,272,326,0.8343558282208589,0.7884916945203915,0.872139001324775,1,0.7944785276073619,0.8742331288343558
South Puget Sound,Northwest,294,422,0.6966824644549763,0.6499898695213393,0.7397312173690638,1,0.6516587677725119,0.7393364928909952
South Puget Sound,Peninsula/Coastal,48,86,0.5581395348837209,0.4472413353438443,0.6637964544171012,1,0.45348837209302323,0.6627906976744186
South Puget Sound,South Central,950,1384,0.6864161849710982,0.6611179361343731,0.710667228594439,1,0.661849710982659,0.7109826589595376
South Puget Sound,Southeast,30,34,0.8823529411764706,0.7160872489816235,0.9616275191468746,1,0.7647058823529411,0.9705882352941176
South Puget Sound,Southwest,23,78,0.2948717948717949,0.19973653227332402,0.41044897619510123,1,0.19230769230769232,0.3974358974358974
Southeast,North Central,22,115,0.19130434782608696,0.12625311763084834,0.2774880695906731,1,0.12173913043478261,0.26956521739130435
Southeast,North Puget Sound,34,165,0.20606060606060606,0.14873686496985838,0.27740507556726424,1,0.14545454545454545,0.26666666666666666
Southeast,Northeast,31,74,0.4189189189189189,0.3070644146213729,0.5392448152991135,1,0.3108108108108108,0.527027027027027
Southeast,Northwest,17,41,0.4146341463414634,0.2670214929684773,0.5780028529017425,1,0.2682926829268293,0.5609756097560976
Southeast,Peninsula/Coastal,2,7,0.2857142857142857,0.05112430604577598,0.6974399701860723,1,0,0.5714285714285714
Southeast,South Central,83,191,0.43455497382198954,0.3637131410484412,0.5080725408908122,1,0.36649214659685864,0.5026178010471204
Southeast,South Puget Sound,4,34,0.11764705882352941,0.03837248085312533,0.28391275101837654,1,0.029411764705882353,0.23529411764705882
Southwest,North Puget Sound,278,492,0.5650406504065041,0.5198783198366496,0.6091719075238471,1,0.5223577235772358,0.6097560975609756
Southwest,Northeast,5,16,0.3125,0.12128718504361775,0.5851653666152675,1,0.125,0.5625
Southwest,Northwest,5,9,0.5555555555555556,0.22652922988939753,0.8465694424914205,1,0.2222222222222222,0.8888888888888888
Southwest,Peninsula/Coastal,6,9,0.6666666666666666,0.3091761023042364,0.9095817434807152,1,0.3333333333333333,1
Southwest,South Central,7,59,0.11864406779661017,0.05300255746376938,0.23536702393669387,1,0.05084745762711865,0.2033898305084746
Southwest,South Puget Sound,55,78,0.7051282051282052,0.5895510238048988,0.800263467726676,1,0.6025641025641025,0.8076923076923077
North Central,North Puget Sound,197,654,0.3012232415902141,0.26657081904552016,0.3382474755701083,2,0.26605504587155965,0.3363914373088685
North Central,Northeast,201,317,0.6340694006309149,0.5781269169062437,0.6867065582370041,2,0.580441640378549,0.6876971608832808
North Central,Northwest,105,234,0.44871794871794873,0.3842578203642723,0.5148897153095753,2,0.38461538461538464,0.5128205128205128
North Central,Peninsula/Coastal,106,144,0.7361111111111112,0.6549966518457881,0.804373561976384,2,0.6597222222222222,0.8055555555555556
North Central,South Central,219,612,0.35784313725490197,0.3200666706916016,0.397431100201731,2,0.3202614379084967,0.3954248366013072
North Central,South Puget Sound,118,264,0.44696969696969696,0.3863410130450569,0.5091672205113126,2,0.38636363636363635,0.5075757575757576
North Central,Southeast,95,164,0.5792682926829268,0.49969578920083035,0.6550676126367436,2,0.5060975609756098,0.6524390243902439
North Central,Southwest,20,29,0.6896551724137931,0.49046877199221905,0.8402430090108474,2,0.5172413793103449,0.8620689655172413
North Puget Sound,North Central,457,654,0.6987767584097859,0.6617525244298915,0.7334291809544798,2,0.6636085626911316,0.7339449541284404
North Puget Sound,Northeast,502,968,0.518595041322314,0.4865920252063381,0.5504486462756562,2,0.4865702479338843,0.5506198347107438
North Puget Sound,Northwest,1210,2345,0.5159914712153518,0.4955420308063326,0.5363880535495268,2,0.4955223880597015,0.5364605543710022
North Puget Sound,Peninsula/Coastal,623,1177,0.5293118096856415,0.5003222938476647,0.558107777403653,2,0.5012744265080714,0.5573491928632116
North Puget Sound,South Central,2305,4284,0.5380485527544351,0.5229751874745662,0.5530532102195339,2,0.523109243697479,0.5529878618113913
North Puget Sound,South Puget Sound,1736,3237,0.5362990423231387,0.5189324257034752,0.5535788331567442,2,0.5193080012357121,0.5532900834105653
North Puget Sound,Southeast,219,296,0.7398648648648649,0.6852700126528302,0.7881075917507823,2,0.6891891891891891,0.7905405405405406
North Puget Sound,Southwest,404,494,0.8178137651821862,0.7802894230315309,0.8502885594767534,2,0.7834008097165992,0.8502024291497976
Northeast,North Central,116,317,0.3659305993690852,0.3132934417629959,0.4218730830937563,2,0.31230283911671924,0.4195583596214511
Northeast,North Puget Sound,466,968,0.48140495867768596,0.4495513537243439,0.5134079747936618,2,0.4493801652892562,0.512396694214876
Northeast,Northwest,548,1077,0.5088207985143919,0.47852270186899903,0.5390552212848674,2,0.479108635097493,0.5385329619312906
Northeast,Peninsula/Coastal,92,214,0.42990654205607476,0.3631383602779497,0.4992331017212188,2,0.3644859813084112,0.4953271028037383
Northeast,South Central,297,743,0.3997308209959623,0.36445213936968535,0.4360606479370721,2,0.36473755047106327,0.4347240915208614
Northeast,South Puget Sound,308,956,0.32217573221757323,0.29280716329774814,0.3529927439691132,2,0.2928870292887029,0.3514644351464435
Northeast,Southeast,263,421,0.6247030878859857,0.5763136203059603,0.6707797721917689,2,0.5771971496437055,0.669833729216152
Northeast,Southwest,77,164,0.4695121951219512,0.39175446853306095,0.5487205586232037,2,0.3902439024390244,0.5487804878048781
Northwest,North Central,129,234,0.5512820512820513,0.4851102846904248,0.6157421796357277,2,0.48717948717948717,0.6153846153846154
Northwest,North Puget Sound,1135,2345,0.4840085287846482,0.46361194645047327,0.5044579691936674,2,0.4639658848614073,0.5040511727078891
Northwest,Northeast,529,1077,0.4911792014856082,0.4609447787151327,0.5214772981310011,2,0.46146703806870937,0.520891364902507
Northwest,Peninsula/Coastal,198,409,0.4841075794621027,0.434841319827828,0.5336770250546704,2,0.4352078239608802,0.5330073349633252
Northwest,South Central,278,640,0.434375,0.3957085962062081,0.47384038550013163,2,0.3953125,0.471875
Northwest,South Puget Sound,448,893,0.5016797312430011,0.4683915676508276,0.5349532600242588,2,0.46920492721164614,0.5341545352743561
Northwest,Southeast,119,245,0.4857142857142857,0.42183450832817343,0.5500494025939249,2,0.42448979591836733,0.5469387755102041
Northwest,Southwest,71,186,0.3817204301075269,0.3124245664965554,0.45598541667504056,2,0.3118279569892473,0.45161290322580644
Peninsula/Coastal,North Central,38,144,0.2638888888888889,0.19562643802361596,0.34500334815421185,2,0.19444444444444445,0.3402777777777778
Peninsula/Coastal,North Puget Sound,554,1177,0.47068819031435855,0.441892222596347,0.49967770615233525,2,0.44265080713678845,0.4995751911639762
Peninsula/Coastal,Northeast,122,214,0.5700934579439252,0.5007668982787811,0.6368616397220502,2,0.5046728971962616,0.6355140186915887
Peninsula/Coastal,Northwest,211,409,0.5158924205378973,0.46632297494532954,0.565158680172172,2,0.4669926650366748,0.5647921760391198
Peninsula/Coastal,South Central,166,342,0.4853801169590643,0.43142748793575725,0.5396664431780669,2,0.4327485380116959,0.5380116959064327
Peninsula/Coastal,South Puget Sound,225,584,0.3852739726027397,0.34584140894903004,0.42623838496771205,2,0.3458904109589041,0.4246575342465753
Peninsula/Coastal,Southeast,49,50,0.98,0.8798918801078072,0.9989551117055796,2,0.94,1
Peninsula/Coastal,Southwest,16,50,0.32,0.19927805793642267,0.4683117730635097,2,0.2,0.46
South Central,North Central,393,612,0.6421568627450981,0.602568899798269,0.6799333293083983,2,0.6045751633986928,0.6797385620915033
South Central,North Puget Sound,1979,4284,0.4619514472455649,0.44694678978046615,0.47702481252543383,2,0.4470121381886088,0.47689075630252103
South Central,Northeast,446,743,0.6002691790040376,0.5639393520629279,0.6355478606303145,2,0.5652759084791387,0.6352624495289367
South Central,Northwest,362,640,0.565625,0.5261596144998684,0.6042914037937919,2,0.5265625,0.6046875
South Central,Peninsula/Coastal,176,342,0.5146198830409356,0.46033355682193294,0.5685725120642428,2,0.4619883040935672,0.5672514619883041
South Central,South Puget Sound,598,1253,0.4772545889864326,0.4493132922656214,0.5053369287008269,2,0.4493216280925778,0.5043894652833201
South Central,Southeast,237,384,0.6171875,0.5663177599540987,0.6656739750143447,2,0.5677083333333334,0.6640625
South Central,Southwest,97,186,0.521505376344086,0.4473607567188812,0.5947474114696151,2,0.45161290322580644,0.5913978494623656
South Puget Sound,North Central,146,264,0.553030303030303,0.4908327794886873,0.613658986954943,2,0.49242424242424243,0.6136363636363636
South Puget Sound,North Puget Sound,1501,3237,0.4637009576768613,0.4464211668432558,0.48106757429652486,2,0.44640098856966326,0.4810009267840593
South Puget Sound,Northeast,648,956,0.6778242677824268,0.6470072560308867,0.7071928367022517,2,0.647489539748954,0.7071129707112971
South Puget Sound,Northwest,445,893,0.49832026875699886,0.465046739975741,0.5316084323491724,2,0.4658454647256439,0.5307950727883539
South Puget Sound,Peninsula/Coastal,359,584,0.6147260273972602,0.573761615032288,0.6541585910509699,2,0.5753424657534246,0.6541095890410958
South Puget Sound,South Central,655,1253,0.5227454110135674,0.4946630712991731,0.5506867077343786,2,0.4948124501197127,0.5506783719074222
South Puget Sound,Southeast,232,320,0.725,0.6719981728160765,0.7724946376178256,2,0.675,0.771875
South Puget Sound,Southwest,362,629,0.575516693163752,0.5357473318889783,0.614350446534443,2,0.5373608903020668,0.6136724960254372
Southeast,North Central,69,164,0.42073170731707316,0.3449323873632563,0.5003042107991695,2,0.3475609756097561,0.49390243902439024
Southeast,North Puget Sound,77,296,0.26013513513513514,0.2118924082492178,0.31472998734717006,2,0.20945945945945946,0.3108108108108108
Southeast,Northeast,158,421,0.3752969121140142,0.32922022780823107,0.42368637969403955,2,0.33016627078384797,0.42280285035629456
Southeast,Northwest,126,245,0.5142857142857142,0.44995059740607507,0.5781654916718265,2,0.4530612244897959,0.5755102040816327
Southeast,Peninsula/Coastal,1,50,0.02,0.0010448882944205852,0.12010811989219292,2,0,0.06
Southeast,South Central,147,384,0.3828125,0.33432602498565545,0.43368224004590117,2,0.3359375,0.4322916666666667
Southeast,South Puget Sound,88,320,0.275,0.22750536238217445,0.3280018271839234,2,0.228125,0.325
Southeast,Southwest,58,120,0.48333333333333334,0.39182570681521306,0.5759223645973544,2,0.39166666666666666,0.575
Southwest,North Central,9,29,0.3103448275862069,0.1597569909891527,0.509531228007781,2,0.13793103448275862,0.4827586206896552
Southwest,North Puget Sound,90,494,0.18218623481781376,0.14971144052324661,0.21971057696846902,2,0.14979757085020243,0.2165991902834008
Southwest,Northeast,87,164,0.5304878048780488,0.4512794413767962,0.608245531466939,2,0.4573170731707317,0.6097560975609756
Southwest,Northwest,115,186,0.6182795698924731,0.5440145833249593,0.6875754335034445,2,0.5483870967741935,0.6881720430107527
Southwest,Peninsula/Coastal,34,50,0.68,0.5316882269364904,0.8007219420635774,2,0.54,0.8
Southwest,South Central,89,186,0.478494623655914,0.40525258853038487,0.5526392432811188,2,0.40860215053763443,0.5483870967741935
Southwest,South Puget Sound,267,629,0.424483306836248,0.3856495534655569,0.46425266811102184,2,0.3863275039745628,0.4626391096979332
Southwest,Southeast,62,120,0.5166666666666667,0.4240776354026457,0.608174293184787,2,0.425,0.6083333333333333
North Central,North Puget Sound,27173,61338,0.443004336626561,0.4390687919820941,0.44694703464249397,3,0.43905898464247284,0.4469496886106492
North Central,Northeast,3934,5827,0.675133001544534,0.6629097883971257,0.6871238073307421,3,0.6631199588124249,0.6871460442766432
North Central,Northwest,3753,13098,0.2865322950068713,0.2788147285111207,0.2943756559411662,3,0.2788211940754314,0.29424339593831117
North Central,Peninsula/Coastal,4727,11008,0.42941497093023256,0.42014906449424544,0.4387303661216035,3,0.42014898255813954,0.4386809593023256
North Central,South Central,9486,14381,0.6596203323830053,0.6517993689904368,0.6673556601599495,3,0.6518322787010639,0.6674083860649468
North Central,South Puget Sound,16886,30547,0.5527875077749043,0.5471891250384139,0.5583725765547094,3,0.5472223131567748,0.5583527023930337
North Central,Southeast,1013,1709,0.5927442949093037,0.5689729675647727,0.6160944006386655,3,0.569338794616735,0.6161497952018724
North Central,Southwest,2499,3809,0.6560777106852193,0.6407095630020341,0.671128624887132,3,0.640850616959832,0.6713048044106065
North Puget Sound,North Central,34165,61338,0.556995663373439,0.5530529653575059,0.560931208017906,3,0.5530340082819786,0.5609410153575272
North Puget Sound,Northeast,33891,48917,0.6928266246908028,0.6887132502102312,0.69690964043371,3,0.6887380665208415,0.6969356256516139
North Puget Sound,Northwest,51185,118379,0.4323824326949881,0.4295583495775167,0.43521091068671425,3,0.42955253887936207,0.43520387906638847
North Puget Sound,Peninsula/Coastal,52977,102430,0.5172019916040222,0.5141363390362902,0.520266351900632,3,0.5141462462169286,0.5202674997559309
North Puget Sound,South Central,89747,126496,0.7094848848975461,0.7069727155240881,0.7119843111891263,3,0.7069788768024285,0.7119908929926638
North Puget Sound,South Puget Sound,172173,293177,0.5872663953857227,0.5854814421227678,0.58904905961048315,3,0.5854927228261426,0.5890537115803763
North Puget Sound,Southeast,9605,14868,0.6460182943233791,0.6382610856884641,0.6536997387046262,3,0.6382835620123756,0.6536857680925477
North Puget Sound,Southwest,22839,33918,0.6733592782593313,0.6683340466826152,0.6783451299371405,3,0.6683464532106846,0.6783418833657645
Northeast,North Central,1893,5827,0.32486699845546596,0.312876192669258,0.33709021160287445,3,0.3128539557233568,0.3368800411875751
Northeast,North Puget Sound,15026,48917,0.3071733753091972,0.30309035956629005,0.3112867497897688,3,0.30308481713923585,0.3112619334791586
Northeast,Northwest,2448,10420,0.23493282149712091,0.2268438135796267,0.24321834917723933,3,0.22687140115163149,0.24309021113243762
Northeast,Peninsula/Coastal,2765,8623,0.32065406471065755,0.3108272516403768,0.33064154011193775,3,0.310912675402992,0.33062739185898177
Northeast,South Central,5330,11108,0.47983435361901333,0.47050730333479346,0.48917541431732503,3,0.47056175729204175,0.48910694994598486
Northeast,South Puget Sound,8843,24332,0.3634308729245438,0.3573888360466202,0.36951617178165724,3,0.3574305441394049,0.36943120170968274
Northeast,Southeast,570,1452,0.3925619834710744,0.36742035374182913,0.4182783587625371,3,0.36707988980716255,0.4180440771349862
Northeast,Southwest,1383,3044,0.4543363994743758,0.43655356389273714,0.47223541090302334,3,0.43659658344283836,0.4720762155059133
Northwest,North Central,9345,13098,0.7134677049931287,0.7056243440588339,0.7211852714888792,3,0.7056802565277142,0.7211788059245686
Northwest,North Puget Sound,67194,118379,0.5676175673050119,0.5647890893132858,0.5704416504224833,3,0.5647876734893857,0.5704559085648637
Northwest,Northeast,7972,10420,0.7650671785028791,0.7567816508227607,0.7731561864203733,3,0.7569097888675623,0.7732245681381957
Northwest,Peninsula/Coastal,11190,21113,0.5300052100601526,0.5232444230272393,0.5367550419313382,3,0.523232131861886,0.5367309240752143
Northwest,South Central,18522,24488,0.7563704671675923,0.7509334101125563,0.7617267972389686,3,0.7509800718719373,0.7617608624632473
Northwest,South Puget Sound,40373,59923,0.6737479765699315,0.6699747266198195,0.6774989016578254,3,0.6699597817198738,0.6774861071708693
Northwest,Southeast,2241,2925,0.7661538461538462,0.7502968512091277,0.7813048948528367,3,0.7507692307692307,0.7815384615384615
Northwest,Southwest,5359,7304,0.7337075575027382,0.7233803965737781,0.7437873571081302,3,0.7235761226725083,0.7438389923329682
Peninsula/Coastal,North Central,6281,11008,0.5705850290697675,0.5612696338783966,0.5798509355057547,3,0.5613190406976745,0.5797601744186046
Peninsula/Coastal,North Puget Sound,49453,102430,0.48279800839597775,0.4797336480993681,0.48586366096370975,3,0.4797617885385141,0.4858537537830714
Peninsula/Coastal,Northeast,5858,8623,0.6793459352893425,0.6693584598880623,0.6891727483596234,3,0.6694885770613476,0.689087324597008
Peninsula/Coastal,Northwest,9923,21113,0.4699947899398475,0.4632449580686619,0.4767555769727607,3,0.463221711741581,0.4767205039549093
Peninsula/Coastal,South Central,14837,22017,0.6738883589953218,0.667643456886626,0.6800723701940441,3,0.6676658945360403,0.6800654040059954
Peninsula/Coastal,South Puget Sound,30698,56064,0.547552796803653,0.5434206988598381,0.5516783645330297,3,0.5434146689497716,0.5516730878995434
Peninsula/Coastal,Southeast,1658,2634,0.6294608959757023,0.6106499208974695,0.6478909283259165,3,0.6108580106302202,0.6480637813211845
Peninsula/Coastal,Southwest,4871,7924,0.6147147905098436,0.6038829730406646,0.6254347827156175,3,0.6038616860171631,0.6254416961130742
South Central,North Central,4895,14381,0.3403796676169946,0.33264433984005043,0.3482006310095632,3,0.33273068632223074,0.3481677212989361
South Central,North Puget Sound,36749,126496,0.2905151151024538,0.2880156888108737,0.2930272844759119,3,0.28801701239564886,0.29302112319757145
South Central,Northeast,5778,11108,0.5201656463809867,0.5108245856826752,0.5294926966652066,3,0.5108030248469572,0.5295282679150162
South Central,Northwest,5966,24488,0.2436295328324077,0.2382732027610313,0.24906658988744376,3,0.23827997386475008,0.24897909180006533
South Central,Peninsula/Coastal,7180,22017,0.3261116410046782,0.31992762980595596,0.33235654311337415,3,0.31993459599400464,0.3322886860153518
South Central,South Puget Sound,22381,63186,0.3542082106795809,0.3504801036600543,0.35795408136204815,3,0.3504573797993226,0.3579748678504732
South Central,Southeast,1406,3394,0.41426045963464936,0.3976479509924011,0.43106855779992315,3,0.39776075427224517,0.4307601649970536
South Central,Southwest,3331,7211,0.46193315767577314,0.4503804007225353,0.4735266953285486,3,0.45056164193593123,0.4734433504368326
South Puget Sound,North Central,13661,30547,0.44721249222509574,0.44162742344529055,0.45281087496158623,3,0.4416472976069663,0.45281042328215537
South Puget Sound,North Puget Sound,121004,293177,0.4127336046142774,0.41095094038951685,0.41451855787723235,3,0.41094628841962366,0.4145004553563206
South Puget Sound,Northeast,15489,24332,0.6365691270754562,0.6304838282183426,0.6426111639533798,3,0.6304455038632254,0.6426105540029591
South Puget Sound,Northwest,19550,59923,0.3262520234300686,0.3225010983421746,0.3300252733801805,3,0.32251389282913073,0.33000684211404635
South Puget Sound,Peninsula/Coastal,25366,56064,0.452447203196347,0.4483216354669703,0.4565793011401618,3,0.4483447488584475,0.4565853310502283
South Puget Sound,South Central,40805,63186,0.645791789320419,0.6420459186379518,0.6495198963399457,3,0.6420726110214288,0.6495426202006773
South Puget Sound,Southeast,4241,7552,0.561573093220339,0.5502872325383824,0.5727959749496356,3,0.5504469014830509,0.5728283898305084
South Puget Sound,Southwest,12687,20426,0.6211201409967688,0.614420740416954,0.627773825131274,3,0.6144619602467444,0.6277783217467933
Southeast,North Central,696,1709,0.4072557050906963,0.3839055993613345,0.4310270324352273,3,0.38385020479812754,0.4306612053832651
Southeast,North Puget Sound,5263,14868,0.3539817056766209,0.34630026129537383,0.3617389143115358,3,0.34631423190745225,0.36165086090933507
Southeast,Northeast,882,1452,0.6074380165289256,0.5817216412374628,0.6325796462581709,3,0.5819559228650137,0.6322314049586777
Southeast,Northwest,684,2925,0.23384615384615384,0.21869510514716337,0.24970314879087224,3,0.21846153846153846,0.24923076923076923
Southeast,Peninsula/Coastal,976,2634,0.3705391040242976,0.3521090716740833,0.38935007910253056,3,0.35231586940015186,0.3891419893697798
Southeast,South Central,1988,3394,0.5857395403653506,0.5689314422000769,0.602352049007599,3,0.5689451974071892,0.6022392457277549
Southeast,South Puget Sound,3311,7552,0.438426906779661,0.42720402505036437,0.4497127674616176,3,0.4271716101694915,0.4496822033898305
Southeast,Southwest,555,1071,0.5182072829131653,0.4878044044222915,0.5484779898569073,3,0.488328664799253,0.5480859010270775
Southwest,North Central,1310,3809,0.3439222893147808,0.32887137511286824,0.3592904369979661,3,0.32869519558939353,0.359149383040168
Southwest,North Puget Sound,11079,33918,0.32664072174066866,0.32165487006285964,0.33166595331738463,3,0.3216581166342355,0.33162332684710183
Southwest,Northeast,1661,3044,0.5456636005256241,0.5277645890969765,0.5634464361072627,3,0.5279237844940867,0.5634034165571616
Southwest,Northwest,1945,7304,0.26629244249726175,0.2562126428918697,0.2766196034262219,3,0.25616100766703176,0.2764238773274918
Southwest,Peninsula/Coastal,3053,7924,0.3852852094901565,0.3745652172843826,0.3961170269593353,3,0.37468450277637555,0.3960121150933872
Southwest,South Central,3880,7211,0.5380668423242269,0.5264733046714515,0.5496195992774646,3,0.5265566495631674,0.5495770350852863
Southwest,South Puget Sound,7739,20426,0.3788798590032312,0.372226174868726,0.38557925958304584,3,0.3722216782532067,0.3855380397532557
Southwest,Southeast,516,1071,0.48179271708683474,0.4515220101430928,0.5121955955777086,3,0.4519140989729225,0.5116713352007469
North Central,North Puget Sound,890,2853,0.3119523308797757,0.2950422638508844,0.3293733247928181,4,0.2951279355064844,0.3287767262530669
North Central,Northeast,97,227,0.42731277533039647,0.3625715896108801,0.4945552512316948,4,0.36123348017621143,0.4933920704845815
North Central,Northwest,232,620,0.3741935483870968,0.3362018794551165,0.41376728133429774,4,0.3370967741935484,0.4129032258064516
North Central,Peninsula/Coastal,89,221,0.40271493212669685,0.33808393371681905,0.4707854767029075,4,0.3393665158371041,0.4660633484162896
North Central,South Central,96,431,0.22273781902552203,0.18492501778758283,0.2655931289193737,4,0.18329466357308585,0.26218097447795824
North Central,South Puget Sound,165,529,0.31190926275992437,0.27300034619121477,0.35359487447830307,4,0.2722117202268431,0.3516068052930057
North Central,Southeast,8,18,0.4444444444444444,0.22404751415676738,0.6865306897142767,4,0.2222222222222222,0.6666666666666666
North Central,Southwest,32,151,0.2119205298013245,0.1514333284616233,0.2874143653309094,4,0.1456953642384106,0.2781456953642384
North Puget Sound,North Central,1963,2853,0.6880476691202243,0.6706266752071819,0.7049577361491155,4,0.6708727655099895,0.7048720644935156
North Puget Sound,Northeast,1791,3429,0.5223097112860893,0.5054295501395328,0.5391395066441732,4,0.5056867891513561,0.5389326334208224
North Puget Sound,Northwest,11230,22761,0.4933878124862704,0.4868724371434091,0.49990542692640205,4,0.48692939677518565,0.4998901629981108
North Puget Sound,Peninsula/Coastal,7537,13082,0.5761351475309586,0.5676075827743498,0.5846178103396956,4,0.5677266473016358,0.584620088671457
North Puget Sound,South Central,4228,8021,0.5271163196608901,0.5161174901887784,0.538089040111136,4,0.5162697917965341,0.5380875202593193
North Puget Sound,South Puget Sound,11601,20612,0.562827479138366,0.5560203294293067,0.5696111310290631,4,0.5560353192315156,0.5696196390452164
North Puget Sound,Southeast,282,484,0.5826446280991735,0.537190326325562,0.6267668941919751,4,0.5392561983471075,0.6260330578512396
North Puget Sound,Southwest,1716,3575,0.48,0.4635137941538048,0.49652950754107955,4,0.4637762237762238,0.4965034965034965
Northeast,North Central,130,227,0.5726872246696035,0.5054447487683051,0.6374284103891198,4,0.5066079295154186,0.6343612334801763
Northeast,North Puget Sound,1638,3429,0.4776902887139108,0.46086049335582685,0.4945704498604671,4,0.46106736657917763,0.49431321084864394
Northeast,Northwest,391,790,0.49493670886075947,0.4595518758640084,0.5303714325819523,4,0.45949367088607596,0.5303797468354431
Northeast,Peninsula/Coastal,224,328,0.6829268292682927,0.6291275886569342,0.7323635358370181,4,0.6310975609756098,0.7317073170731707
Northeast,South Central,415,620,0.6693548387096774,0.630556732505071,0.7060219919371398,4,0.632258064516129,0.7064516129032258
Northeast,South Puget Sound,396,732,0.5409836065573771,0.5040805760211698,0.5774506519438846,4,0.505464480874317,0.5765027322404371
Northeast,Southeast,22,31,0.7096774193548387,0.5176480980568396,0.8511163150164381,4,0.5483870967741935,0.8709677419354839
Northeast,Southwest,90,216,0.4166666666666667,0.35071396134051236,0.4856332790529345,4,0.35185185185185186,0.48148148148148145
Northwest,North Central,388,620,0.6258064516129033,0.5862327186657023,0.6637981205448836,4,0.5870967741935483,0.6629032258064517
Northwest,North Puget Sound,11531,22761,0.5066121875137296,0.5000945730735981,0.5131275628565909,4,0.5001098370018892,0.51311453802557
Northwest,Northeast,399,790,0.5050632911392405,0.4696285674180478,0.5404481241359916,4,0.46962025316455697,0.540506329113924
Northwest,Peninsula/Coastal,1301,2294,0.567131647776809,0.5465417798378491,0.58749464773378135,4,0.547079337401918,0.5876198779424586
Northwest,South Central,903,1789,0.504751257685858,0.4813186487807878,0.5281632605287062,4,0.48127445500279487,0.5276690888764674
Northwest,South Puget Sound,2172,4266,0.509142053445851,0.4940218988654242,0.5242456298560118,4,0.49413970932958273,0.5241443975621191
Northwest,Southeast,102,142,0.7183098591549296,0.6356340924827205,0.7889466458907421,4,0.6408450704225352,0.7887323943661971
Northwest,Southwest,402,948,0.4240506329113924,0.3924400476123733,0.4562845104551249,4,0.3924050632911392,0.45569620253164556
Peninsula/Coastal,North Central,132,221,0.5972850678733032,0.5292145232970924,0.6619160662831809,4,0.5339366515837104,0.6606334841628959
Peninsula/Coastal,North Puget Sound,5545,13082,0.42386485246904143,0.41538218966030455,0.4323924172256502,4,0.415379911328543,0.43234979360953985
Peninsula/Coastal,Northeast,104,328,0.3170731707317073,0.26763646416298187,0.37087241134306587,4,0.2682926829268293,0.36890243902439024
Peninsula/Coastal,Northwest,993,2294,0.4328683522231909,0.41250535226621854,0.4534582201621509,4,0.41238012205754143,0.45335658238884047
Peninsula/Coastal,South Central,615,1057,0.5818353831598865,0.5513793190565466,0.6116893613606557,4,0.5525070955534531,0.6111636707663197
Peninsula/Coastal,South Puget Sound,1197,2175,0.5503448275862068,0.5291376334943011,0.5713725480518084,4,0.5291954022988505,0.5710344827586207
Peninsula/Coastal,Southeast,48,71,0.676056338028169,0.5533762141535438,0.7795283828395393,4,0.5633802816901409,0.7746478873239436
Peninsula/Coastal,Southwest,138,326,0.4233128834355828,0.36938753825457055,0.47907525850386695,4,0.37116564417177916,0.4785276073619632
South Central,North Central,335,431,0.777262180974478,0.7344068710806264,0.8150749822124173,4,0.7378190255220418,0.8167053364269141
South Central,North Puget Sound,3793,8021,0.4728836803391098,0.4619109598888641,0.4838825098112216,4,0.4619124797406807,0.483854880937539
South Central,Northeast,205,620,0.33064516129032256,0.2939780080628601,0.3694432674949287,4,0.29354838709677417,0.36774193548387096
South Central,Northwest,886,1789,0.49524874231414195,0.47183673947129384,0.5186813512192122,4,0.47177193963107883,0.5181665735047513
South Central,Peninsula/Coastal,442,1057,0.4181646168401135,0.38831063863934434,0.4486206809434535,4,0.3888363292336802,0.44843897824030277
South Central,South Puget Sound,3528,6539,0.5395320385380028,0.5273548462837188,0.5516625166568466,4,0.5274506805321915,0.551613396543814
South Central,Southeast,30,55,0.5454545454545454,0.4065512862497282,0.6780264604444874,4,0.41818181818181815,0.6727272727272727
South Central,Southwest,218,587,0.37137989778534924,0.33241941382254475,0.4120491939839892,4,0.3321976149914821,0.41056218057921634
South Puget Sound,North Central,364,529,0.6880907372400756,0.6464051255216968,0.7269996538087852,4,0.6483931947069943,0.7277882797731569
South Puget Sound,North Puget Sound,9011,20612,0.437172520861634,0.4303888689709368,0.4439796705706932,4,0.4304288763826897,0.4439646807684844
South Puget Sound,Northeast,336,732,0.45901639344262296,0.4225493480561156,0.49591942397883026,4,0.42349726775956287,0.49453551912568305
South Puget Sound,Northwest,2094,4266,0.4908579465541491,0.4757543701439883,0.5059781011345759,4,0.47585560243788094,0.5058602906704173
South Puget Sound,Peninsula/Coastal,978,2175,0.4496551724137931,0.4286274519481916,0.4708623665056989,4,0.4285057471264368,0.4703448275862069
South Puget Sound,South Central,3011,6539,0.46046796146199725,0.44833748334315343,0.47264515371628124,4,0.448539532038538,0.4727022480501606
South Puget Sound,Southeast,63,96,0.65625,0.5515557952056673,0.748275566834447,4,0.5625,0.75
South Puget Sound,Southwest,375,854,0.43911007025761123,0.4055934763562774,0.4731815714131629,4,0.4063231850117096,0.47306791569086654
Southeast,North Central,10,18,0.5555555555555556,0.31346931028572317,0.7759524858432325,4,0.3333333333333333,0.7777777777777778
Southeast,North Puget Sound,202,484,0.41735537190082644,0.37323310580802466,0.4628096736744379,4,0.3739669421487603,0.4607438016528926
Southeast,Northeast,9,31,0.2903225806451613,0.14888368498356183,0.4823519019431603,4,0.12903225806451613,0.45161290322580644
Southeast,Northwest,40,142,0.28169014084507044,0.21105335410925788,0.3643659075172796,4,0.2112676056338028,0.3591549295774648
Southeast,Peninsula/Coastal,23,71,0.323943661971831,0.22047161716046068,0.44662378584645623,4,0.2112676056338028,0.43661971830985913
Southeast,South Central,25,55,0.45454545454545453,0.3219735395555124,0.5934487137502719,4,0.32727272727272727,0.5818181818181818
Southeast,South Puget Sound,33,96,0.34375,0.2517244331655531,0.4484442047943326,4,0.25,0.4375
Southeast,Southwest,7,18,0.3888888888888889,0.1826255359712648,0.6385990231176754,4,0.16666666666666666,0.6111111111111112
Southwest,North Central,119,151,0.7880794701986755,0.7125856346690908,0.8485666715383767,4,0.7218543046357616,0.8543046357615894
Southwest,North Puget Sound,1859,3575,0.52,0.5034704924589205,0.5364862058461952,4,0.5034965034965035,0.5362237762237763
Southwest,Northeast,126,216,0.5833333333333334,0.5143667209470656,0.6492860386594878,4,0.5185185185185185,0.6481481481481481
Southwest,Northwest,546,948,0.5759493670886076,0.5437154895448751,0.6075599523876267,4,0.5443037974683544,0.6065400843881856
Southwest,Peninsula/Coastal,188,326,0.5766871165644172,0.520924741496133,0.6306124617454294,4,0.5214723926380368,0.6288343558282209
Southwest,South Central,369,587,0.6286201022146508,0.5879508060160109,0.6675805861774552,4,0.5894378194207837,0.6678023850085179
Southwest,South Puget Sound,479,854,0.5608899297423887,0.526818428586837,0.5944065236437225,4,0.5269320843091335,0.5936768149882904
Southwest,Southeast,11,18,0.6111111111111112,0.36140097688232453,0.8173744640287351,4,0.3888888888888889,0.8333333333333334
